"full","location","plot","treat","BI","KEY"
"B1_CC_1","S1","B1","CC",0.0679328940917186,"B1CCS1"
"B1_CC_10","S10","B1","CC",0.0589484696749744,"B1CCS10"
"B1_CC_11","S11","B1","CC",0.0757712885334512,"B1CCS11"
"B1_CC_12","S12","B1","CC",0.078197261795349,"B1CCS12"
"B1_CC_13","S13","B1","CC",0.0676187688489963,"B1CCS13"
"B1_CC_14","S14","B1","CC",0.0918628337612943,"B1CCS14"
"B1_CC_15","S15","B1","CC",0.0846121533278754,"B1CCS15"
"B1_CC_2","S2","B1","CC",0.0757507929242174,"B1CCS2"
"B1_CC_3","S3","B1","CC",0.0583307658582515,"B1CCS3"
"B1_CC_4","S4","B1","CC",0.0775426606398462,"B1CCS4"
"B1_CC_5","S5","B1","CC",0.0733536430085674,"B1CCS5"
"B1_CC_6","S6","B1","CC",0.0671973915438106,"B1CCS6"
"B1_CC_7","S7","B1","CC",0.0810740115197302,"B1CCS7"
"B1_CC_8","S8","B1","CC",0.07087123087536,"B1CCS8"
"B1_CC_9","S9","B1","CC",0.054094679054148,"B1CCS9"
"B2_CC_1","S1","B2","CC",0.0737159768740443,"B2CCS1"
"B2_CC_10","S10","B2","CC",0.0809449218740465,"B2CCS10"
"B2_CC_11","S11","B2","CC",0.0418876508475378,"B2CCS11"
"B2_CC_12","S12","B2","CC",0.0438377958654513,"B2CCS12"
"B2_CC_13","S13","B2","CC",0.0669049733236061,"B2CCS13"
"B2_CC_14","S14","B2","CC",0.0516448098463805,"B2CCS14"
"B2_CC_15","S15","B2","CC",0.0630731493882523,"B2CCS15"
"B2_CC_2","S2","B2","CC",0.0624873687334042,"B2CCS2"
"B2_CC_3","S3","B2","CC",0.0660895314187843,"B2CCS3"
"B2_CC_4","S4","B2","CC",0.0587452586887113,"B2CCS4"
"B2_CC_5","S5","B2","CC",0.0511513894970236,"B2CCS5"
"B2_CC_6","S6","B2","CC",0.0598663422768484,"B2CCS6"
"B2_CC_7","S7","B2","CC",0.0639091862695415,"B2CCS7"
"B2_CC_8","S8","B2","CC",0.040336098863695,"B2CCS8"
"B2_CC_9","S9","B2","CC",0.0593066569118954,"B2CCS9"
"B3_CC_1","S1","B3","CC",0.0640633209704487,"B3CCS1"
"B3_CC_10","S10","B3","CC",0.0659510198599863,"B3CCS10"
"B3_CC_11","S11","B3","CC",0.0788490552592107,"B3CCS11"
"B3_CC_12","S12","B3","CC",0.0480219386025641,"B3CCS12"
"B3_CC_13","S13","B3","CC",0.0748438643120018,"B3CCS13"
"B3_CC_14","S14","B3","CC",0.0686922086264316,"B3CCS14"
"B3_CC_15","S15","B3","CC",0.0512995073352248,"B3CCS15"
"B3_CC_2","S2","B3","CC",0.0873819899401062,"B3CCS2"
"B3_CC_3","S3","B3","CC",0.0874092886608748,"B3CCS3"
"B3_CC_4","S4","B3","CC",0.0688693940976585,"B3CCS4"
"B3_CC_5","S5","B3","CC",0.0766845839136185,"B3CCS5"
"B3_CC_6","S6","B3","CC",0.0546965286972038,"B3CCS6"
"B3_CC_7","S7","B3","CC",0.0594517567055605,"B3CCS7"
"B3_CC_8","S8","B3","CC",0.0781405291428602,"B3CCS8"
"B3_CC_9","S9","B3","CC",0.0528771628912464,"B3CCS9"
"B4_CC_1","S1","B4","CC",0.0841745675212737,"B4CCS1"
"B4_CC_10","S10","B4","CC",0.0794800492857357,"B4CCS10"
"B4_CC_11","S11","B4","CC",0.0682044355702423,"B4CCS11"
"B4_CC_12","S12","B4","CC",0.0565444027790914,"B4CCS12"
"B4_CC_13","S13","B4","CC",0.075282133084929,"B4CCS13"
"B4_CC_14","S14","B4","CC",0.069968919860599,"B4CCS14"
"B4_CC_15","S15","B4","CC",0.0735266348022009,"B4CCS15"
"B4_CC_2","S2","B4","CC",0.0799353139928562,"B4CCS2"
"B4_CC_3","S3","B4","CC",0.0510794333750721,"B4CCS3"
"B4_CC_4","S4","B4","CC",0.0541988656393034,"B4CCS4"
"B4_CC_5","S5","B4","CC",0.074073201767083,"B4CCS5"
"B4_CC_6","S6","B4","CC",0.0628714416195546,"B4CCS6"
"B4_CC_7","S7","B4","CC",0.068998285177878,"B4CCS7"
"B4_CC_8","S8","B4","CC",0.139967254442609,"B4CCS8"
"B4_CC_9","S9","B4","CC",0.0558883041731156,"B4CCS9"
"B5_CC_1","S1","B5","CC",0.0720214391789916,"B5CCS1"
"B5_CC_10","S10","B5","CC",0.0670412973737874,"B5CCS10"
"B5_CC_11","S11","B5","CC",0.039313786485228,"B5CCS11"
"B5_CC_12","S12","B5","CC",0.0903831862071327,"B5CCS12"
"B5_CC_13","S13","B5","CC",0.0817423970440139,"B5CCS13"
"B5_CC_14","S14","B5","CC",0.0751566042256906,"B5CCS14"
"B5_CC_15","S15","B5","CC",0.0866039254290483,"B5CCS15"
"B5_CC_2","S2","B5","CC",0.0617627124951841,"B5CCS2"
"B5_CC_3","S3","B5","CC",0.0779369444097524,"B5CCS3"
"B5_CC_4","S4","B5","CC",0.0585513479446632,"B5CCS4"
"B5_CC_5","S5","B5","CC",0.0837269573902937,"B5CCS5"
"B5_CC_6","S6","B5","CC",0.0896347169061702,"B5CCS6"
"B5_CC_7","S7","B5","CC",0.0672218842281252,"B5CCS7"
"B5_CC_8","S8","B5","CC",0.08270518437524,"B5CCS8"
"B5_CC_9","S9","B5","CC",0.063904619228164,"B5CCS9"
"B1_CW_1","S1","B1","CW",0.0803558134722433,"B1CWS1"
"B1_CW_10","S10","B1","CW",0.0714601872881508,"B1CWS10"
"B1_CW_11","S11","B1","CW",0.0743175592485976,"B1CWS11"
"B1_CW_12","S12","B1","CW",0.0834155360918512,"B1CWS12"
"B1_CW_13","S13","B1","CW",0.0945707612867333,"B1CWS13"
"B1_CW_14","S14","B1","CW",0.107458185920196,"B1CWS14"
"B1_CW_15","S15","B1","CW",0.0945553576125562,"B1CWS15"
"B1_CW_2","S2","B1","CW",0.0832826219215329,"B1CWS2"
"B1_CW_3","S3","B1","CW",0.0743687658818771,"B1CWS3"
"B1_CW_4","S4","B1","CW",0.0642755940532538,"B1CWS4"
"B1_CW_5","S5","B1","CW",0.088702505248335,"B1CWS5"
"B1_CW_6","S6","B1","CW",0.0695986421408053,"B1CWS6"
"B1_CW_7","S7","B1","CW",0.0746204458320823,"B1CWS7"
"B1_CW_8","S8","B1","CW",0.0814273057742457,"B1CWS8"
"B1_CW_9","S9","B1","CW",0.0703174551005513,"B1CWS9"
"B2_CW_1","S1","B2","CW",0.0547416300001997,"B2CWS1"
"B2_CW_10","S10","B2","CW",0.101019580044116,"B2CWS10"
"B2_CW_11","S11","B2","CW",0.103224530529491,"B2CWS11"
"B2_CW_12","S12","B2","CW",0.0993346440358814,"B2CWS12"
"B2_CW_13","S13","B2","CW",0.078406166919194,"B2CWS13"
"B2_CW_14","S14","B2","CW",0.103571701343296,"B2CWS14"
"B2_CW_15","S15","B2","CW",0.115790084194354,"B2CWS15"
"B2_CW_2","S2","B2","CW",0.0935651207794759,"B2CWS2"
"B2_CW_3","S3","B2","CW",0.0826002921915753,"B2CWS3"
"B2_CW_4","S4","B2","CW",0.0657452705340258,"B2CWS4"
"B2_CW_5","S5","B2","CW",0.0829879978256422,"B2CWS5"
"B2_CW_6","S6","B2","CW",0.0615952193523136,"B2CWS6"
"B2_CW_7","S7","B2","CW",0.0465404134845638,"B2CWS7"
"B2_CW_8","S8","B2","CW",0.0740224827979637,"B2CWS8"
"B2_CW_9","S9","B2","CW",0.0543710811389509,"B2CWS9"
"B3_CW_1","S1","B3","CW",0.0765368279367279,"B3CWS1"
"B3_CW_10","S10","B3","CW",0.0374991308504974,"B3CWS10"
"B3_CW_11","S11","B3","CW",0.062653717554964,"B3CWS11"
"B3_CW_12","S12","B3","CW",0.0740305107764905,"B3CWS12"
"B3_CW_13","S13","B3","CW",0.0356005849731185,"B3CWS13"
"B3_CW_14","S14","B3","CW",0.0834114551361655,"B3CWS14"
"B3_CW_15","S15","B3","CW",0.0845497502548924,"B3CWS15"
"B3_CW_2","S2","B3","CW",0.0783828306355673,"B3CWS2"
"B3_CW_3","S3","B3","CW",0.111346394680035,"B3CWS3"
"B3_CW_4","S4","B3","CW",0.0889452998083233,"B3CWS4"
"B3_CW_5","S5","B3","CW",0.0974414699452739,"B3CWS5"
"B3_CW_6","S6","B3","CW",0.11165882166259,"B3CWS6"
"B3_CW_7","S7","B3","CW",0.102387615016873,"B3CWS7"
"B3_CW_8","S8","B3","CW",0.0707122208800813,"B3CWS8"
"B3_CW_9","S9","B3","CW",0.0556045174938782,"B3CWS9"
"B4_CW_1","S1","B4","CW",0.0568821362162477,"B4CWS1"
"B4_CW_10","S10","B4","CW",0.090345467731447,"B4CWS10"
"B4_CW_11","S11","B4","CW",0.10516277356629,"B4CWS11"
"B4_CW_12","S12","B4","CW",0.0700603537184381,"B4CWS12"
"B4_CW_13","S13","B4","CW",0.112937603351622,"B4CWS13"
"B4_CW_14","S14","B4","CW",0.109166069953469,"B4CWS14"
"B4_CW_15","S15","B4","CW",0.0787966159030391,"B4CWS15"
"B4_CW_2","S2","B4","CW",0.0767592831275597,"B4CWS2"
"B4_CW_3","S3","B4","CW",0.030707119472489,"B4CWS3"
"B4_CW_4","S4","B4","CW",0.0876925556781469,"B4CWS4"
"B4_CW_5","S5","B4","CW",0.0680678350390681,"B4CWS5"
"B4_CW_6","S6","B4","CW",0.0899194673955385,"B4CWS6"
"B4_CW_7","S7","B4","CW",0.10834877869294,"B4CWS7"
"B4_CW_8","S8","B4","CW",0.0852205697574698,"B4CWS8"
"B4_CW_9","S9","B4","CW",0.0538788329493044,"B4CWS9"
"B5_CW_1","S1","B5","CW",0.116672585230173,"B5CWS1"
"B5_CW_10","S10","B5","CW",0.14077903243649,"B5CWS10"
"B5_CW_11","S11","B5","CW",0.0757340842789708,"B5CWS11"
"B5_CW_12","S12","B5","CW",0.126645545494369,"B5CWS12"
"B5_CW_13","S13","B5","CW",0.142236138945516,"B5CWS13"
"B5_CW_14","S14","B5","CW",0.117073312293943,"B5CWS14"
"B5_CW_15","S15","B5","CW",0.125430664556116,"B5CWS15"
"B5_CW_2","S2","B5","CW",0.108609796027701,"B5CWS2"
"B5_CW_3","S3","B5","CW",0.0471791353104038,"B5CWS3"
"B5_CW_4","S4","B5","CW",0.0689050095780733,"B5CWS4"
"B5_CW_5","S5","B5","CW",0.0672606624180169,"B5CWS5"
"B5_CW_6","S6","B5","CW",0.104478206815456,"B5CWS6"
"B5_CW_7","S7","B5","CW",0.110032140722412,"B5CWS7"
"B5_CW_8","S8","B5","CW",0.0725766093370403,"B5CWS8"
"B5_CW_9","S9","B5","CW",0.115192848454603,"B5CWS9"
"B1_LC_1","S1","B1","LC",0.126373139020805,"B1LCS1"
"B1_LC_10","S10","B1","LC",0.12637831494653,"B1LCS10"
"B1_LC_11","S11","B1","LC",0.121641900116316,"B1LCS11"
"B1_LC_12","S12","B1","LC",0.121979379611188,"B1LCS12"
"B1_LC_13","S13","B1","LC",0.0969094109371279,"B1LCS13"
"B1_LC_14","S14","B1","LC",0.122240951521099,"B1LCS14"
"B1_LC_15","S15","B1","LC",0.107477265092881,"B1LCS15"
"B1_LC_2","S2","B1","LC",0.110269681185181,"B1LCS2"
"B1_LC_3","S3","B1","LC",0.0913573053730487,"B1LCS3"
"B1_LC_4","S4","B1","LC",0.125571817460819,"B1LCS4"
"B1_LC_5","S5","B1","LC",0.149932915095582,"B1LCS5"
"B1_LC_6","S6","B1","LC",0.118090751884012,"B1LCS6"
"B1_LC_7","S7","B1","LC",0.121880376343629,"B1LCS7"
"B1_LC_8","S8","B1","LC",0.140460625053583,"B1LCS8"
"B1_LC_9","S9","B1","LC",0.104234274928369,"B1LCS9"
"B2_LC_1","S1","B2","LC",0.129037839671566,"B2LCS1"
"B2_LC_10","S10","B2","LC",0.113970567881606,"B2LCS10"
"B2_LC_11","S11","B2","LC",0.12272400727701,"B2LCS11"
"B2_LC_12","S12","B2","LC",0.0809445624587909,"B2LCS12"
"B2_LC_13","S13","B2","LC",0.133839450980615,"B2LCS13"
"B2_LC_14","S14","B2","LC",0.121907159375143,"B2LCS14"
"B2_LC_15","S15","B2","LC",0.122194023912868,"B2LCS15"
"B2_LC_2","S2","B2","LC",0.117511866901864,"B2LCS2"
"B2_LC_3","S3","B2","LC",0.0578373547849397,"B2LCS3"
"B2_LC_4","S4","B2","LC",0.12704820967038,"B2LCS4"
"B2_LC_5","S5","B2","LC",0.122952725381109,"B2LCS5"
"B2_LC_6","S6","B2","LC",0.0632618529723981,"B2LCS6"
"B2_LC_7","S7","B2","LC",0.106774715980234,"B2LCS7"
"B2_LC_8","S8","B2","LC",0.111257271006665,"B2LCS8"
"B2_LC_9","S9","B2","LC",0.096181425290826,"B2LCS9"
"B3_LC_1","S1","B3","LC",0.130452176448231,"B3LCS1"
"B3_LC_10","S10","B3","LC",0.121656778992249,"B3LCS10"
"B3_LC_11","S11","B3","LC",0.155348436004558,"B3LCS11"
"B3_LC_12","S12","B3","LC",0.128427719462176,"B3LCS12"
"B3_LC_13","S13","B3","LC",0.103343730638304,"B3LCS13"
"B3_LC_14","S14","B3","LC",0.12620438067469,"B3LCS14"
"B3_LC_15","S15","B3","LC",0.0676164069341698,"B3LCS15"
"B3_LC_2","S2","B3","LC",0.0903995234271662,"B3LCS2"
"B3_LC_3","S3","B3","LC",0.0866714324727607,"B3LCS3"
"B3_LC_4","S4","B3","LC",0.136636667513075,"B3LCS4"
"B3_LC_5","S5","B3","LC",0.0914252117096749,"B3LCS5"
"B3_LC_6","S6","B3","LC",0.071160351103009,"B3LCS6"
"B3_LC_7","S7","B3","LC",0.155374138381419,"B3LCS7"
"B3_LC_8","S8","B3","LC",0.136264733556046,"B3LCS8"
"B3_LC_9","S9","B3","LC",0.0595989948306158,"B3LCS9"
"B4_LC_1","S1","B4","LC",0.125876162266463,"B4LCS1"
"B4_LC_10","S10","B4","LC",0.143136489273686,"B4LCS10"
"B4_LC_11","S11","B4","LC",0.12963913167592,"B4LCS11"
"B4_LC_12","S12","B4","LC",0.0944163048234961,"B4LCS12"
"B4_LC_13","S13","B4","LC",0.137495458776231,"B4LCS13"
"B4_LC_14","S14","B4","LC",0.0989120385384511,"B4LCS14"
"B4_LC_15","S15","B4","LC",0.120912115717604,"B4LCS15"
"B4_LC_2","S2","B4","LC",0.115506263897308,"B4LCS2"
"B4_LC_3","S3","B4","LC",0.109963187242868,"B4LCS3"
"B4_LC_4","S4","B4","LC",0.119007504772732,"B4LCS4"
"B4_LC_5","S5","B4","LC",0.133972487430408,"B4LCS5"
"B4_LC_6","S6","B4","LC",0.0982388142912595,"B4LCS6"
"B4_LC_7","S7","B4","LC",0.0555864399753613,"B4LCS7"
"B4_LC_8","S8","B4","LC",0.125242581407616,"B4LCS8"
"B4_LC_9","S9","B4","LC",0.115321366782364,"B4LCS9"
"B5_LC_1","S1","B5","LC",0.128063696979428,"B5LCS1"
"B5_LC_10","S10","B5","LC",0.0950709389992548,"B5LCS10"
"B5_LC_11","S11","B5","LC",0.114241518506886,"B5LCS11"
"B5_LC_12","S12","B5","LC",0.123960632662349,"B5LCS12"
"B5_LC_13","S13","B5","LC",0.082363252992656,"B5LCS13"
"B5_LC_14","S14","B5","LC",0.133439164046759,"B5LCS14"
"B5_LC_15","S15","B5","LC",0.0822437120133577,"B5LCS15"
"B5_LC_2","S2","B5","LC",0.13159939384866,"B5LCS2"
"B5_LC_3","S3","B5","LC",0.117079599860308,"B5LCS3"
"B5_LC_4","S4","B5","LC",0.0855972478311632,"B5LCS4"
"B5_LC_5","S5","B5","LC",0.133099158025869,"B5LCS5"
"B5_LC_6","S6","B5","LC",0.115614731675263,"B5LCS6"
"B5_LC_7","S7","B5","LC",0.105519119600495,"B5LCS7"
"B5_LC_8","S8","B5","LC",0.131239536989408,"B5LCS8"
"B5_LC_9","S9","B5","LC",0.131315996470704,"B5LCS9"
"B1_LW_1","S1","B1","LW",0.0859441810374871,"B1LWS1"
"B1_LW_10","S10","B1","LW",0.145635734881361,"B1LWS10"
"B1_LW_11","S11","B1","LW",0.138610412942078,"B1LWS11"
"B1_LW_12","S12","B1","LW",0.0823368252207139,"B1LWS12"
"B1_LW_13","S13","B1","LW",0.142817344948432,"B1LWS13"
"B1_LW_14","S14","B1","LW",0.13891540354007,"B1LWS14"
"B1_LW_15","S15","B1","LW",0.0871494100167481,"B1LWS15"
"B1_LW_2","S2","B1","LW",0.128005781585251,"B1LWS2"
"B1_LW_3","S3","B1","LW",0.10251594750276,"B1LWS3"
"B1_LW_4","S4","B1","LW",0.1061531701141,"B1LWS4"
"B1_LW_5","S5","B1","LW",0.140258016368303,"B1LWS5"
"B1_LW_6","S6","B1","LW",0.101710165925639,"B1LWS6"
"B1_LW_7","S7","B1","LW",0.12604075469051,"B1LWS7"
"B1_LW_8","S8","B1","LW",0.148957374105583,"B1LWS8"
"B1_LW_9","S9","B1","LW",0.0845130790726013,"B1LWS9"
"B2_LW_1","S1","B2","LW",0.105678260857398,"B2LWS1"
"B2_LW_10","S10","B2","LW",0.119694620157388,"B2LWS10"
"B2_LW_11","S11","B2","LW",0.157075663755854,"B2LWS11"
"B2_LW_12","S12","B2","LW",0.130686382294453,"B2LWS12"
"B2_LW_13","S13","B2","LW",0.148298204733076,"B2LWS13"
"B2_LW_14","S14","B2","LW",0.155566011303057,"B2LWS14"
"B2_LW_15","S15","B2","LW",0.138753708387074,"B2LWS15"
"B2_LW_2","S2","B2","LW",0.0994452407626456,"B2LWS2"
"B2_LW_3","S3","B2","LW",0.137771595650827,"B2LWS3"
"B2_LW_4","S4","B2","LW",0.128212136192498,"B2LWS4"
"B2_LW_5","S5","B2","LW",0.148047471912473,"B2LWS5"
"B2_LW_6","S6","B2","LW",0.139286988651533,"B2LWS6"
"B2_LW_7","S7","B2","LW",0.110720090504258,"B2LWS7"
"B2_LW_8","S8","B2","LW",0.12755118962614,"B2LWS8"
"B2_LW_9","S9","B2","LW",0.104874620759699,"B2LWS9"
"B3_LW_1","S1","B3","LW",0.106470581388533,"B3LWS1"
"B3_LW_10","S10","B3","LW",0.06542316119151,"B3LWS10"
"B3_LW_11","S11","B3","LW",0.133909592151873,"B3LWS11"
"B3_LW_12","S12","B3","LW",0.122296174546334,"B3LWS12"
"B3_LW_13","S13","B3","LW",0.0863189340756122,"B3LWS13"
"B3_LW_14","S14","B3","LW",0.112421647169585,"B3LWS14"
"B3_LW_15","S15","B3","LW",0.0663431640985202,"B3LWS15"
"B3_LW_2","S2","B3","LW",0.138705427578336,"B3LWS2"
"B3_LW_3","S3","B3","LW",0.100123372027747,"B3LWS3"
"B3_LW_4","S4","B3","LW",0.0998263015193772,"B3LWS4"
"B3_LW_5","S5","B3","LW",0.132587262406564,"B3LWS5"
"B3_LW_6","S6","B3","LW",0.0854796082404823,"B3LWS6"
"B3_LW_7","S7","B3","LW",0.0638073357324932,"B3LWS7"
"B3_LW_8","S8","B3","LW",0.114268514253315,"B3LWS8"
"B3_LW_9","S9","B3","LW",0.135240227305265,"B3LWS9"
"B4_LW_1","S1","B4","LW",0.163610008387187,"B4LWS1"
"B4_LW_10","S10","B4","LW",0.112897680864876,"B4LWS10"
"B4_LW_11","S11","B4","LW",0.121353593165725,"B4LWS11"
"B4_LW_12","S12","B4","LW",0.0976403288002656,"B4LWS12"
"B4_LW_13","S13","B4","LW",0.0545154799900452,"B4LWS13"
"B4_LW_14","S14","B4","LW",0.115017576035808,"B4LWS14"
"B4_LW_15","S15","B4","LW",0.133184004325663,"B4LWS15"
"B4_LW_2","S2","B4","LW",0.104104411861009,"B4LWS2"
"B4_LW_3","S3","B4","LW",0.0829187867293675,"B4LWS3"
"B4_LW_4","S4","B4","LW",0.154315344250713,"B4LWS4"
"B4_LW_5","S5","B4","LW",0.128027249091117,"B4LWS5"
"B4_LW_6","S6","B4","LW",0.0757584947223883,"B4LWS6"
"B4_LW_7","S7","B4","LW",0.141078688892409,"B4LWS7"
"B4_LW_8","S8","B4","LW",0.153279811225189,"B4LWS8"
"B4_LW_9","S9","B4","LW",0.0902349407948262,"B4LWS9"
"B5_LW_1","S1","B5","LW",0.147497635901009,"B5LWS1"
"B5_LW_10","S10","B5","LW",0.123082322896564,"B5LWS10"
"B5_LW_11","S11","B5","LW",0.131130791291635,"B5LWS11"
"B5_LW_12","S12","B5","LW",0.097722137418198,"B5LWS12"
"B5_LW_13","S13","B5","LW",0.130931058284912,"B5LWS13"
"B5_LW_14","S14","B5","LW",0.189493943330916,"B5LWS14"
"B5_LW_15","S15","B5","LW",0.148248831553162,"B5LWS15"
"B5_LW_2","S2","B5","LW",0.182256890263401,"B5LWS2"
"B5_LW_3","S3","B5","LW",0.172663100011522,"B5LWS3"
"B5_LW_4","S4","B5","LW",0.119278129008219,"B5LWS4"
"B5_LW_5","S5","B5","LW",0.160884075150075,"B5LWS5"
"B5_LW_6","S6","B5","LW",0.174843516666708,"B5LWS6"
"B5_LW_7","S7","B5","LW",0.139944368564145,"B5LWS7"
"B5_LW_8","S8","B5","LW",0.165034950603705,"B5LWS8"
"B5_LW_9","S9","B5","LW",0.157901537566015,"B5LWS9"
