"ID","Plot","Treat","Type","Rep","NDVI","CI1","CI2"
"B1_LC_DCY_1","B1","LC","DCY","1","0.185468117226325","0.275278247431242","0.0356152347718462"
"B1_LC_DCY_2","B1","LC","DCY","2","0.159334826069026","0.342611526638374","0.0351130914896171"
"B1_LC_DCY_3","B1","LC","DCY","3","0.184981446121038","0.288064623222346","0.0354171579113251"
"B1_LC_LCN_1","B1","LC","LCN","1","0.234472392604156","0.269792669957677","0.0441294650216317"
"B1_LC_LCN_2","B1","LC","LCN","2","0.240484551117831","0.337897351000262","0.0544318466896259"
"B1_LC_LCN_3","B1","LC","LCN","3","0.244684779014874","0.377354550715956","0.0657833666283517"
"B1_LC_MSS_1","B1","LC","MSS","1","0.247719308549419","0.35202660021383","0.0623232410162652"
"B1_LC_MSS_2","B1","LC","MSS","2","0.214023863511264","0.340833201755444","0.0518447506255828"
"B1_LC_MSS_3","B1","LC","MSS","3","0.298126683398976","0.416033723303167","0.0777860577323053"
"B1_LC_LCY_1","B1","LC","LCY","1","0.102113963284975","0.386985355791943","0.0260972913832675"
"B1_LC_LCY_2","B1","LC","LCY","2","0.107629026750242","0.405178786759248","0.0280571893718521"
"B1_LC_LCY_3","B1","LC","LCY","3","0.104685577024856","0.394210313182625","0.026842125177786"
"B1_LW_LCN_1","B1","LW","LCN","1","0.257811877132161","0.239682734040836","0.0480140366730216"
"B1_LW_LCN_2","B1","LW","LCN","2","0.177245585081847","0.361404931227884","0.0395874149152435"
"B1_LW_LCN_3","B1","LW","LCN","3","0.214683182973843","0.331774624626377","0.0473913998660553"
"B1_LW_DCY_1","B1","LW","DCY","1","0.186867179189952","0.264313055515034","0.033468736155886"
"B1_LW_DCY_2","B1","LW","DCY","2","0.156428439796151","0.329705571976352","0.0320203972749465"
"B1_LW_DCY_3","B1","LW","DCY","3","0.12728667946422","0.345657838828531","0.0277935076826387"
"B1_LW_MSS_1","B1","LW","MSS","1","0.196336474876499","0.352488744129831","0.0474018077894104"
"B1_LW_MSS_2","B1","LW","MSS","2","0.203680829198843","0.377149692584306","0.0555734501707186"
"B1_LW_MSS_3","B1","LW","MSS","3","0.219443293342048","0.374615173132139","0.0580939142401927"
"B1_LW_LCY_1","B1","LW","LCY","1","0.114840270079617","0.395739538283365","0.0286068308732426"
"B1_LW_LCY_2","B1","LW","LCY","2","0.126229411273773","0.385994045233508","0.0305749184430251"
"B1_LW_LCY_3","B1","LW","LCY","3","0.130947916986059","0.380741797316915","0.0305799906952477"
"B1_CC_LCY_1","B1","CC","LCY","1","0.115630172996183","0.413292600295566","0.0298928459311158"
"B1_CC_LCY_2","B1","CC","LCY","2","0.109197851676018","0.417185142632645","0.0292908184162585"
"B1_CC_LCY_3","B1","CC","LCY","3","0.130397909682525","0.414409794060506","0.0331727442011876"
"B1_CC_DCY_1","B1","CC","DCY","1","0.144486121110869","0.344349259775374","0.0316911818434596"
"B1_CC_DCY_2","B1","CC","DCY","2","0.148707649986391","0.347637636605861","0.0327057061858001"
"B1_CC_DCY_3","B1","CC","DCY","3","0.133979213987482","0.333831396040031","0.0295539245897123"
"B1_CC_LCN_1","B1","CC","LCN","1","0.156119479512976","0.332525786337244","0.0341546273379681"
"B1_CC_LCN_2","B1","CC","LCN","2","0.202057294081652","0.29078957346184","0.0387178318606723"
"B1_CC_LCN_3","B1","CC","LCN","3","0.260915150024055","0.303835316673012","0.0547937085038251"
"B1_CC_MSS_1","B1","CC","MSS","1","0.202553137489518","0.36506843106774","0.0464922861265277"
"B1_CC_MSS_2","B1","CC","MSS","2","0.302484048972356","0.372596000020471","0.0699498095449569"
"B1_CC_MSS_3","B1","CC","MSS","3","0.31992404768812","0.435205622030308","0.0920459595733262"
"B1_CW_LCY_1","B1","CW","LCY","1","0.118694522788017","0.384730126719964","0.0297630865598934"
"B1_CW_LCY_2","B1","CW","LCY","2","0.130386499152657","0.390000507234568","0.0311429006755928"
"B1_CW_LCY_3","B1","CW","LCY","3","0.146494031634103","0.367129446471929","0.0327325286989062"
"B1_CW_DCY_1","B1","CW","DCY","1","0.174217956527411","0.314661203328977","0.0356917977715962"
"B1_CW_DCY_2","B1","CW","DCY","2","0.167745844928554","0.338651057452404","0.0357795667292014"
"B1_CW_DCY_3","B1","CW","DCY","3","0.173053316201951","0.291516879371717","0.0331668455507861"
"B1_CW_LCN_1","B1","CW","LCN","1","0.260666466011919","0.351971249538318","0.0622209776628315"
"B1_CW_LCN_2","B1","CW","LCN","2","0.263702562715326","0.344584644931255","0.0608485458671256"
"B1_CW_LCN_3","B1","CW","LCN","3","0.232542400869663","0.290165275056728","0.0450755544739816"
"B1_CW_MSS_1","B1","CW","MSS","1","0.167948490911169","0.392044758329816","0.0459080155216302"
"B1_CW_MSS_2","B1","CW","MSS","2","0.304461028082892","0.369632154151279","0.077795137219658"
"B1_CW_MSS_3","B1","CW","MSS","3","0.319341630891265","0.401957569229052","0.0840109491792303"
"B2_CC_LCY_1","B2","CC","LCY","1","0.120344588079342","0.399472794475399","0.0305062714165747"
"B2_CC_LCY_2","B2","CC","LCY","2","0.112446020089673","0.378112068011094","0.0287641909769837"
"B2_CC_LCY_3","B2","CC","LCY","3","0.119993041025921","0.396261620035092","0.0298133766215822"
"B2_CC_DCY_1","B2","CC","DCY","1","0.194355979821129","0.366143464773429","0.0428100106043819"
"B2_CC_DCY_2","B2","CC","DCY","2","0.165645167838992","0.28078338865845","0.0329743665171675"
"B2_CC_DCY_3","B2","CC","DCY","3","0.133313153033415","0.366916153449235","0.0300472040585419"
"B2_CC_LCN_1","B2","CC","LCN","1","0.390449033337017","0.317020898363412","0.0985177153943437"
"B2_CC_LCN_2","B2","CC","LCN","2","0.30296640239142","0.30583785006075","0.0624889064941119"
"B2_CC_LCN_3","B2","CC","LCN","3","0.225095140841911","0.372426690749681","0.0495752451421752"
"B2_CC_MSS_1","B2","CC","MSS","1","0.322214179074543","0.430024618898365","0.0822965003003342"
"B2_CC_MSS_2","B2","CC","MSS","2","0.311657694179426","0.354905682098425","0.0769454572363323"
"B2_CC_MSS_3","B2","CC","MSS","3","0.358191083460649","0.443521457391656","0.0975414913431928"
"B2_LC_LCY_1","B2","LC","LCY","1","0.122624153974539","0.415718668457214","0.030989552878082"
"B2_LC_LCY_2","B2","LC","LCY","2","0.123340408752028","0.416422512937956","0.0306900110303906"
"B2_LC_LCY_3","B2","LC","LCY","3","0.124524029456045","0.401375602065942","0.0305679321145996"
"B2_LC_DCY_1","B2","LC","DCY","1","0.150965697104809","0.343782829520509","0.0328986658412399"
"B2_LC_DCY_2","B2","LC","DCY","2","0.113765047181432","0.332412539675181","0.0259645503683369"
"B2_LC_DCY_3","B2","LC","DCY","3","0.175127116946566","0.30052749838338","0.0355508765233109"
"B2_LC_LCN_1","B2","LC","LCN","1","0.116784513526231","0.226584548333497","0.0290325910695615"
"B2_LC_LCN_2","B2","LC","LCN","2","0.262818189545856","0.316009877083521","0.0631848121006519"
"B2_LC_LCN_3","B2","LC","LCN","3","0.286153967614586","0.345359840704531","0.0712651912286095"
"B2_LC_MSS_1","B2","LC","MSS","1","0.330554319230438","0.449039734767482","0.0940348994870852"
"B2_LC_MSS_2","B2","LC","MSS","2","0.36362700956003","0.458913024789825","0.111623256646174"
"B2_LC_MSS_3","B2","LC","MSS","3","0.34230067649311","0.440604957861695","0.112657045088088"
"B2_LW_LCY_1","B2","LW","LCY","1","0.122956965946534","0.420478659178466","0.030952774376504"
"B2_LW_LCY_2","B2","LW","LCY","2","0.0986198091803316","0.39506554125485","0.0264077136010527"
"B2_LW_LCY_3","B2","LW","LCY","3","0.104258530794303","0.397379684001094","0.0273908052828305"
"B2_LW_DCY_1","B2","LW","DCY","1","0.170512794236831","0.320791312579534","0.0344717856517256"
"B2_LW_DCY_2","B2","LW","DCY","2","0.137689974279933","0.402290198605128","0.0331634183059177"
"B2_LW_DCY_3","B2","LW","DCY","3","0.136957961711676","0.355937333458793","0.0303883674054291"
"B2_LW_LCN_1","B2","LW","LCN","1","0.181498675336026","0.343937789907497","0.0370587869929733"
"B2_LW_LCN_2","B2","LW","LCN","2","0.2203537139292","0.383058117903116","0.0603664742119907"
"B2_LW_LCN_3","B2","LW","LCN","3","0.159112409515397","0.377173178192495","0.0395781895858772"
"B2_LW_MSS_1","B2","LW","MSS","1","0.202706995441906","0.388508581003936","0.0553176339430839"
"B2_LW_MSS_2","B2","LW","MSS","2","0.297349980729423","0.431164213144831","0.0944687780615985"
"B2_LW_MSS_3","B2","LW","MSS","3","0.164508899101774","0.38576873209578","0.0435681752029288"
"B2_CW_LCY_1","B2","CW","LCY","1","0.113246790987272","0.416758536697907","0.0295668687355485"
"B2_CW_LCY_2","B2","CW","LCY","2","0.106559377729034","0.422817045757631","0.0286929399972565"
"B2_CW_LCY_3","B2","CW","LCY","3","0.140716354437291","0.406784416885799","0.0338782961192494"
"B2_CW_DCY_1","B2","CW","DCY","1","0.149538382287737","0.352842168567627","0.0316551570558422"
"B2_CW_DCY_2","B2","CW","DCY","2","0.135250462381051","0.320184084404282","0.0281286914485218"
"B2_CW_DCY_3","B2","CW","DCY","3","0.137277777294528","0.382588125928578","0.0310630112127368"
"B2_CW_LCN_1","B2","CW","LCN","1","0.196273624599052","0.358484164217921","0.0419658853330642"
"B2_CW_LCN_2","B2","CW","LCN","2","0.20801786599535","0.35365877249053","0.0481778454885639"
"B2_CW_LCN_3","B2","CW","LCN","3","0.219952164083369","0.272243116452991","0.0423695322806448"
"B2_CW_MSS_1","B2","CW","MSS","1","0.176642941907815","0.33203842719054","0.0394965770463988"
"B2_CW_MSS_2","B2","CW","MSS","2","0.191603630527574","0.378386266864467","0.0461673808912341"
"B2_CW_MSS_3","B2","CW","MSS","3","0.250998959911088","0.39238188575526","0.0666267135260938"
"B3_LC_LCY_1","B3","LC","LCY","1","0.125181011133406","0.41180630033644","0.0312104817140461"
"B3_LC_LCY_2","B3","LC","LCY","2","0.11604413154003","0.406910173572444","0.0293475357843181"
"B3_LC_LCY_3","B3","LC","LCY","3","0.12226255279281","0.419164743494574","0.0310387705860029"
"B3_LC_DCY_1","B3","LC","DCY","1","0.160891138281785","0.355610574620952","0.0356678426106255"
"B3_LC_DCY_2","B3","LC","DCY","2","0.140030253211453","0.367040708247346","0.0327713564230129"
"B3_LC_DCY_3","B3","LC","DCY","3","0.151079396686364","0.363346344843006","0.0358462809789393"
"B3_LC_LCN_1","B3","LC","LCN","1","0.147195939420292","0.396696019567418","0.0358512247947747"
"B3_LC_LCN_2","B3","LC","LCN","2","0.19883433465164","0.324408549085073","0.0422927709696616"
"B3_LC_LCN_3","B3","LC","LCN","3","0.163332635239924","0.336042092332197","0.0342979333400454"
"B3_LC_MSS_1","B3","LC","MSS","1","0.237410525934145","0.412204550833492","0.063240649188437"
"B3_LC_MSS_2","B3","LC","MSS","2","0.197990975610479","0.409212952362427","0.0517141235081881"
"B3_LC_MSS_3","B3","LC","MSS","3","0.251196572353252","0.424445672681042","0.0725005246139208"
"B3_CW_LCY_1","B3","CW","LCY","1","0.123166678812617","0.415292123451479","0.0311572207014365"
"B3_CW_LCY_2","B3","CW","LCY","2","0.122372352839857","0.407709998142681","0.0298992066941401"
"B3_CW_LCY_3","B3","CW","LCY","3","0.1172959576631","0.392046660037847","0.0282446390812216"
"B3_CW_DCY_1","B3","CW","DCY","1","0.195197353588283","0.340398197718448","0.0392631724900084"
"B3_CW_DCY_2","B3","CW","DCY","2","0.177479967584988","0.35497736842691","0.0367088305501599"
"B3_CW_DCY_3","B3","CW","DCY","3","0.195823604262912","0.364707127273219","0.0413005852736656"
"B3_CW_LCN_1","B3","CW","LCN","1","0.14399104720605","0.401728227056793","0.0339530120029084"
"B3_CW_LCN_2","B3","CW","LCN","2","0.166946507749639","0.369868398762038","0.0367380022653604"
"B3_CW_LCN_3","B3","CW","LCN","3","0.167158097840712","0.342565883684107","0.0342328550741793"
"B3_CW_MSS_1","B3","CW","MSS","1","0.272780931497525","0.422500579723577","0.072541357349733"
"B3_CW_MSS_2","B3","CW","MSS","2","0.302560740943412","0.416784809669426","0.0831347725980752"
"B3_CW_MSS_3","B3","CW","MSS","3","0.265273225801373","0.398914861357768","0.0736032480860355"
"B3_LW_LCY_1","B3","LW","LCY","1","0.121376428085342","0.395998625280918","0.0296756488164896"
"B3_LW_LCY_2","B3","LW","LCY","2","0.127945748644014","0.386361535350304","0.0299010320890509"
"B3_LW_LCY_3","B3","LW","LCY","3","0.120460622893217","0.381730581112489","0.0293288563987019"
"B3_LW_DCY_1","B3","LW","DCY","1","0.114433876844877","0.342345137355541","0.0248699238305667"
"B3_LW_DCY_2","B3","LW","DCY","2","0.104651897521511","0.312087816530393","0.0232459247938014"
"B3_LW_DCY_3","B3","LW","DCY","3","0.106910100032716","0.324988776185334","0.0239567010996132"
"B3_LW_LCN_1","B3","LW","LCN","1","0.164817875021833","0.310857992263006","0.034924798880044"
"B3_LW_LCN_2","B3","LW","LCN","2","0.13572226445875","0.351538288452083","0.031383605700943"
"B3_LW_LCN_3","B3","LW","LCN","3","0.242641789592021","0.404890961011377","0.0762926528320798"
"B3_LW_MSS_1","B3","LW","MSS","1","0.161673102996158","0.319133641590993","0.0428612355667111"
"B3_LW_MSS_2","B3","LW","MSS","2","0.371910478709528","0.417471721642979","0.107132247849979"
"B3_LW_MSS_3","B3","LW","MSS","3","0.419553171087266","0.415341333915034","0.148200674326378"
"B3_CC_LCY_1","B3","CC","LCY","1","0.143243643967468","0.417338157516634","0.0346063170142568"
"B3_CC_LCY_2","B3","CC","LCY","2","0.13432912111462","0.40835640122609","0.0325369514486725"
"B3_CC_LCY_3","B3","CC","LCY","3","0.142648317080554","0.394246650786647","0.0335923730690914"
"B3_CC_DCY_1","B3","CC","DCY","1","0.205984217610267","0.36203070456711","0.0488630486688337"
"B3_CC_DCY_2","B3","CC","DCY","2","0.152257016941064","0.336838909879123","0.0319503683874624"
"B3_CC_DCY_3","B3","CC","DCY","3","0.158566036030977","0.364792704124033","0.035193892030067"
"B3_CC_LCN_1","B3","CC","LCN","1","0.178354964584146","0.292729530374029","0.0404185076742489"
"B3_CC_LCN_2","B3","CC","LCN","2","0.209746486734734","0.281926411927586","0.0479440616682642"
"B3_CC_LCN_3","B3","CC","LCN","3","0.209012489330328","0.338794969792026","0.0452029999179792"
"B3_CC_MSS_1","B3","CC","MSS","1","0.296283398434922","0.346076418783452","0.0696668929977084"
"B3_CC_MSS_2","B3","CC","MSS","2","0.293461087321212","0.386333385620318","0.0791497829770011"
"B3_CC_MSS_3","B3","CC","MSS","3","0.313596928664001","0.408180162746976","0.0829273565774152"
