ID,Plot,Treat,Sensor,CBLUE,BLUE,GREEN,YELLOW,RED,REDEDGE,NIR,NDVI,CI1,CI2,Temperature Index
B1_CC,B1,CC,B. Resonon,0.045154353,0.055052636,0.071494395,0.101501128,0.113088386,0.139150372,0.165381633,0.20337318,0.349961138,0.056238582,NA
B1_CW,B1,CW,B. Resonon,0.048949032,0.059765088,0.078300121,0.112352943,0.124639379,0.154057728,0.186619962,0.215610554,0.357283042,0.060743669,NA
B1_LC,B1,LC,B. Resonon,0.063326319,0.078036007,0.110537595,0.181119556,0.205698112,0.237243957,0.264623725,0.137056744,0.389264,0.04080759,NA
B1_LW,B1,LW,B. Resonon,0.062915366,0.07757306,0.109280071,0.177265572,0.201081095,0.232510685,0.261978914,0.144254665,0.386325001,0.04231567,NA
B2_CC,B2,CC,B. Resonon,0.044504312,0.052703539,0.06345373,0.078746556,0.085362901,0.114092119,0.136923497,0.243846591,0.319073203,0.075559806,NA
B2_CW,B2,CW,B. Resonon,0.051706743,0.063320112,0.081940647,0.115214429,0.128535001,0.156213551,0.184260916,0.19379112,0.339572291,0.054201001,NA
B2_LC,B2,LC,B. Resonon,0.060359844,0.073926184,0.101622135,0.161123608,0.183479649,0.214317635,0.243664888,0.154943069,0.382715252,0.043574266,NA
B2_LW,B2,LW,B. Resonon,0.067198362,0.083318913,0.118089519,0.194161948,0.222618378,0.258810481,0.292248807,0.148698545,0.399536956,0.043684708,NA
B3_CC,B3,CC,B. Resonon,0.047788825,0.057905757,0.071694247,0.092444712,0.101164953,0.128711899,0.155708181,0.227384996,0.313408349,0.061667915,NA
B3_CW,B3,CW,B. Resonon,0.050180454,0.061184459,0.079651172,0.113287938,0.126766609,0.150477085,0.174998018,0.174396718,0.333293432,0.049533266,NA
B3_LC,B3,LC,B. Resonon,0.059278953,0.073127069,0.101450584,0.162897474,0.187221585,0.220571857,0.249576502,0.156553064,0.395254623,0.043426398,NA
B3_LW,B3,LW,B. Resonon,0.058678666,0.071206153,0.097234794,0.15177613,0.172506538,0.206741255,0.236682649,0.170440366,0.388969288,0.053367678,NA
B4_CC,B4,CC,B. Resonon,0.051336862,0.060029446,0.074545329,0.099419538,0.109271162,0.136293816,0.168294214,0.230796182,0.324637366,0.064366529,NA
B4_CW,B4,CW,B. Resonon,0.046824379,0.059228468,0.079010016,0.11483396,0.130140001,0.157520718,0.186341416,0.194813621,0.358512296,0.052152589,NA
B4_LC,B4,LC,B. Resonon,0.063047701,0.078390662,0.10694807,0.163144193,0.185151888,0.227519054,0.263927342,0.189036758,0.390582855,0.06020215,NA
B4_LW,B4,LW,B. Resonon,0.061942605,0.076599692,0.105776791,0.166401958,0.189825869,0.229516135,0.26272723,0.174538482,0.397257242,0.052886114,NA
B5_CC,B5,CC,B. Resonon,0.048064865,0.058217241,0.073577996,0.099596423,0.110206235,0.140323697,0.169441994,0.227449012,0.342495032,0.06259421,NA
B5_CW,B5,CW,B. Resonon,0.064569922,0.081431697,0.105449513,0.145583267,0.162969639,0.201240623,0.232496022,0.188928312,0.337864585,0.052496543,NA
B5_LC,B5,LC,B. Resonon,0.058642139,0.073093205,0.102135439,0.161876366,0.186042012,0.226940001,0.262281571,0.184747915,0.409403059,0.058352383,NA
B5_LW,B5,LW,B. Resonon,0.077480988,0.097668918,0.136691341,0.215974312,0.247516602,0.297434891,0.339517997,0.170492463,0.398203573,0.052647869,NA
B1_CC,B1,CC,A. FieldSpec,0.055722769,0.062403733,0.080539853,0.1113358,0.126115724,0.151576632,0.174579632,0.175241371,0.330240384,0.048865304,NA
B1_CW,B1,CW,A. FieldSpec,0.054318846,0.0617041,0.082381265,0.11972165,0.135892276,0.167912368,0.197526947,0.197623155,0.368745283,0.057840522,NA
B1_LC,B1,LC,A. FieldSpec,0.063620462,0.073537333,0.101243088,0.15553785,0.179695931,0.215103579,0.244077211,0.16427655,0.385631755,0.050754357,NA
B1_LW,B1,LW,A. FieldSpec,0.063330577,0.073516067,0.100855618,0.15313515,0.177116448,0.209865053,0.237239175,0.157831247,0.376338002,0.048365784,NA
B2_CC,B2,CC,A. FieldSpec,0.057467885,0.065139367,0.083843029,0.11343055,0.128015276,0.161941053,0.189346754,0.205361161,0.346486682,0.064791846,NA
B2_CW,B2,CW,A. FieldSpec,0.041969308,0.0477342,0.062435147,0.0881066,0.100050759,0.120802474,0.140434,0.181357826,0.345258227,0.052879063,NA
B2_LC,B2,LC,A. FieldSpec,0.053540808,0.062158067,0.084917382,0.1292638,0.149429069,0.177992789,0.203096842,0.166564882,0.37987853,0.0496798,NA
B2_LW,B2,LW,A. FieldSpec,0.067511423,0.0779799,0.108378235,0.1686845,0.194997931,0.234192526,0.266274018,0.165430624,0.393549619,0.053766682,NA
B3_CC,B3,CC,A. FieldSpec,0.052347192,0.0603821,0.0759365,0.09714725,0.108414724,0.140520316,0.166803281,0.223998294,0.326902229,0.065531885,NA
B3_CW,B3,CW,A. FieldSpec,0.055898423,0.0649604,0.087488412,0.1279396,0.146709655,0.172638263,0.197892912,0.161215592,0.352256791,0.047734302,NA
B3_LC,B3,LC,A. FieldSpec,0.043406077,0.0499189,0.069208941,0.10828855,0.125737345,0.153240632,0.175929404,0.176760272,0.405901843,0.056093873,NA
B3_LW,B3,LW,A. FieldSpec,0.051848731,0.0593576,0.080210618,0.11984185,0.137017966,0.164267368,0.18752093,0.166383407,0.371445626,0.056142738,NA
B4_CC,B4,CC,A. FieldSpec,0.053866923,0.060974933,0.078439324,0.1062436,0.119288034,0.148000842,0.179174281,0.215884568,0.338027041,0.063143579,NA
B4_CW,B4,CW,A. FieldSpec,0.042743923,0.048994767,0.063741853,0.0880347,0.099498483,0.118077,0.13465986,0.160748423,0.320878079,0.045876124,NA
B4_LC,B4,LC,A. FieldSpec,0.058451808,0.067763367,0.091147206,0.13268035,0.152354414,0.196406789,0.231015,0.217873835,0.397829738,0.071642123,NA
B4_LW,B4,LW,A. FieldSpec,0.056303808,0.065087033,0.088918647,0.1342233,0.154378586,0.188797158,0.216484421,0.178344018,0.387176053,0.058406791,NA
B5_CC,B5,CC,A. FieldSpec,0.046864385,0.052960867,0.068948324,0.0959795,0.108988034,0.136661737,0.161834211,0.208010121,0.357850874,0.060816365,NA
B5_CW,B5,CW,A. FieldSpec,0.061702808,0.0714547,0.093808618,0.1317684,0.149767586,0.184231895,0.211254263,0.181648459,0.350765558,0.054189587,NA
B5_LC,B5,LC,A. FieldSpec,0.065979923,0.076935633,0.107166559,0.16624125,0.192661897,0.239604842,0.277838439,0.193768601,0.412318237,0.06502087,NA
B5_LW,B5,LW,A. FieldSpec,0.066258077,0.0774118,0.107058618,0.1647867,0.191009759,0.232886579,0.265830316,0.176098987,0.396878078,0.056356364,NA
B1_CC,B1,CC,C. MicaSense,0.05715,0.064934,0.0829245,NA,0.125145,0.146055667,0.176634,0.170618234,NA,NA,NA
B1_LC,B1,LC,C. MicaSense,0.06181,0.070616,0.0934215,NA,0.1610455,0.185640667,0.21665,0.147220446,NA,NA,NA
B1_LW,B1,LW,C. MicaSense,0.066743,0.076095,0.101244,NA,0.171721,0.195452,0.227793,0.140350526,NA,NA,NA
B1_CW,B1,CW,C. MicaSense,0.056231,0.063638,0.0814035,NA,0.1266915,0.150967333,0.184997,0.187063366,NA,NA,NA
B2_CC,B2,CC,C. MicaSense,0.055355,0.062636,0.0785945,NA,0.113495,0.138456333,0.170188,0.199846307,NA,NA,NA
B2_LC,B2,LC,C. MicaSense,0.071586,0.081449,0.1082105,NA,0.1805725,0.206204667,0.243407,0.148201741,NA,NA,NA
B2_LW,B2,LW,C. MicaSense,0.073441,0.084148,0.112774,NA,0.196809,0.225732667,0.260712,0.139672277,NA,NA,NA
B2_CW,B2,CW,C. MicaSense,0.059933,0.067934,0.0879515,NA,0.138143,0.158973,0.190145,0.158403597,NA,NA,NA
B3_CC,B3,CC,C. MicaSense,0.058347,0.066103,0.0820595,NA,0.112173,0.138479,0.170894,0.207445587,NA,NA,NA
B3_LC,B3,LC,C. MicaSense,0.065895,0.075356,0.099105,NA,0.16632,0.196194,0.23237,0.165667561,NA,NA,NA
B3_LW,B3,LW,C. MicaSense,0.066319,0.075506,0.0986805,NA,0.1636965,0.188726667,0.223184,0.15376195,NA,NA,NA
B3_CW,B3,CW,C. MicaSense,0.061526,0.070135,0.091634,NA,0.146487,0.165898667,0.197942,0.149392182,NA,NA,NA
B4_CC,B4,CC,C. MicaSense,0.061239,0.069036,0.0872675,NA,0.1273225,0.149665667,0.187498,0.191142254,NA,NA,NA
B4_LC,B4,LC,C. MicaSense,0.067561,0.077256,0.1012845,NA,0.1637355,0.202345333,0.24688,0.202487485,NA,NA,NA
B4_LW,B4,LW,C. MicaSense,0.070436,0.080596,0.10737,NA,0.1799305,0.210729667,0.249528,0.162058732,NA,NA,NA
B4_CW,B4,CW,C. MicaSense,0.061293,0.070065,0.0896175,NA,0.136415,0.155849667,0.183969,0.148428136,NA,NA,NA
B5_CC,B5,CC,C. MicaSense,0.057106,0.064651,0.0815125,NA,0.1218535,0.146564667,0.179657,0.191713058,NA,NA,NA
B5_LC,B5,LC,C. MicaSense,0.068308,0.078285,0.104602,NA,0.17956,0.213236667,0.253922,0.171545762,NA,NA,NA
B5_LW,B5,LW,C. MicaSense,0.070875,0.08086,0.1082575,NA,0.185313,0.216810667,0.255151,0.158555523,NA,NA,NA
B5_CW,B5,CW,C. MicaSense,0.067176,0.076443,0.0979555,NA,0.149408,0.176127,0.208427,0.164933559,NA,NA,NA
B1_CC,B1,CC,D. WorldView3,0.146225002,0.11365498,0.09935859,0.110840519,0.129624305,0.137777404,0.171779363,0.139862458,NA,NA,NA
B1_LC,B1,LC,D. WorldView3,0.143113831,0.112572551,0.092635076,0.095468476,0.107777512,0.138708332,0.185976005,0.266204447,NA,NA,NA
B1_LW,B1,LW,D. WorldView3,0.149336172,0.117984693,0.098611533,0.110031464,0.1267114,0.144293902,0.184556341,0.185836608,NA,NA,NA
B1_CW,B1,CW,D. WorldView3,0.147262058,0.110407694,0.093382133,0.097086586,0.111418645,0.124744406,0.165390875,0.194979675,NA,NA,NA
B2_CC,B2,CC,D. WorldView3,0.147262058,0.115819836,0.101599761,0.110031464,0.12452672,0.147086688,0.178167852,0.17721207,NA,NA,NA
B2_LC,B2,LC,D. WorldView3,0.151410285,0.12014955,0.108323274,0.125403507,0.133265438,0.15174133,0.185976005,0.165111919,NA,NA,NA
B2_LW,B2,LW,D. WorldView3,0.150373229,0.116902265,0.109070331,0.126212562,0.14710174,0.161981542,0.201592311,0.156270435,NA,NA,NA
B2_CW,B2,CW,D. WorldView3,0.145187945,0.111490123,0.093382133,0.09951375,0.107049286,0.121020692,0.153323729,0.177723653,NA,NA,NA
B3_CC,B3,CC,D. WorldView3,0.143113831,0.110407694,0.097117418,0.097895641,0.107777512,0.121020692,0.166810539,0.214987601,NA,NA,NA
B3_LC,B3,LC,D. WorldView3,0.150373229,0.119067121,0.103840932,0.118122013,0.1267114,0.1573269,0.17745802,0.166836694,NA,NA,NA
B3_LW,B3,LW,D. WorldView3,0.150373229,0.121231978,0.108323274,0.128639726,0.144917061,0.154534115,0.195913654,0.149624407,NA,NA,NA
B3_CW,B3,CW,D. WorldView3,0.148299115,0.116902265,0.09935859,0.111649574,0.128167853,0.140570189,0.17745802,0.161276161,NA,NA,NA
B4_CC,B4,CC,D. WorldView3,0.150373229,0.114737408,0.097864475,0.108413354,0.117244456,0.136846475,0.169649867,0.18266451,NA,NA,NA
B4_LC,B4,LC,D. WorldView3,0.149336172,0.125561692,0.115793845,0.128639726,0.151471099,0.173152683,0.210110296,0.162174266,NA,NA,NA
B4_LW,B4,LW,D. WorldView3,0.153484399,0.123396835,0.11205856,0.131875946,0.14710174,0.168498041,0.205851303,0.1664515,NA,NA,NA
B4_CW,B4,CW,D. WorldView3,0.150373229,0.119067121,0.101599761,0.111649574,0.121613815,0.135915547,0.168940035,0.162882786,NA,NA,NA
B5_CC,B5,CC,D. WorldView3,0.145187945,0.115819836,0.098611533,0.101940915,0.119429135,0.12846812,0.164681043,0.15927591,NA,NA,NA
B5_LC,B5,LC,D. WorldView3,0.148299115,0.115819836,0.102346818,0.109222409,0.131808985,0.137777404,0.188815333,0.177797956,NA,NA,NA
B5_LW,B5,LW,D. WorldView3,0.152447342,0.121231978,0.10682916,0.128639726,0.144188834,0.167567113,0.199462815,0.160843053,NA,NA,NA
B5_CW,B5,CW,D. WorldView3,0.149336172,0.116902265,0.100852704,0.107604299,0.125254947,0.142432046,0.170359699,0.152579559,NA,NA,NA
B1_CC,B1,CC,XT2,NA,NA,NA,NA,NA,NA,NA,NA,NA,NA,725.4623
B1_LC,B1,LC,XT2,NA,NA,NA,NA,NA,NA,NA,NA,NA,NA,731.7762
B1_LW,B1,LW,XT2,NA,NA,NA,NA,NA,NA,NA,NA,NA,NA,725.3466
B1_CW,B1,CW,XT2,NA,NA,NA,NA,NA,NA,NA,NA,NA,NA,728.4629
B2_CC,B2,CC,XT2,NA,NA,NA,NA,NA,NA,NA,NA,NA,NA,723.5401
B2_LC,B2,LC,XT2,NA,NA,NA,NA,NA,NA,NA,NA,NA,NA,729.6303
B2_LW,B2,LW,XT2,NA,NA,NA,NA,NA,NA,NA,NA,NA,NA,727.1366
B2_CW,B2,CW,XT2,NA,NA,NA,NA,NA,NA,NA,NA,NA,NA,724.702
B3_CC,B3,CC,XT2,NA,NA,NA,NA,NA,NA,NA,NA,NA,NA,722.1456
B3_LC,B3,LC,XT2,NA,NA,NA,NA,NA,NA,NA,NA,NA,NA,729.9115
B3_LW,B3,LW,XT2,NA,NA,NA,NA,NA,NA,NA,NA,NA,NA,731.7709
B3_CW,B3,CW,XT2,NA,NA,NA,NA,NA,NA,NA,NA,NA,NA,725.2445
B4_CC,B4,CC,XT2,NA,NA,NA,NA,NA,NA,NA,NA,NA,NA,734.6951
B4_LC,B4,LC,XT2,NA,NA,NA,NA,NA,NA,NA,NA,NA,NA,731.2415
B4_LW,B4,LW,XT2,NA,NA,NA,NA,NA,NA,NA,NA,NA,NA,730.5439
B4_CW,B4,CW,XT2,NA,NA,NA,NA,NA,NA,NA,NA,NA,NA,725.0072
B5_CC,B5,CC,XT2,NA,NA,NA,NA,NA,NA,NA,NA,NA,NA,725.2312
B5_LC,B5,LC,XT2,NA,NA,NA,NA,NA,NA,NA,NA,NA,NA,723.5761
B5_LW,B5,LW,XT2,NA,NA,NA,NA,NA,NA,NA,NA,NA,NA,729.7974
B5_CW,B5,CW,XT2,NA,NA,NA,NA,NA,NA,NA,NA,NA,NA,723.5761