Plot,Lamp,Water,Treat,Band,Wavelength,Val
B1,C,C,CC,Band1,Coastal Blue,0.146225002
B1,L,C,LC,Band1,Coastal Blue,0.143113831
B1,L,W,LW,Band1,Coastal Blue,0.149336172
B1,C,W,CW,Band1,Coastal Blue,0.147262058
B2,C,C,CC,Band1,Coastal Blue,0.147262058
B2,L,C,LC,Band1,Coastal Blue,0.151410285
B2,L,W,LW,Band1,Coastal Blue,0.150373229
B2,C,W,CW,Band1,Coastal Blue,0.145187945
B3,C,C,CC,Band1,Coastal Blue,0.143113831
B3,L,C,LC,Band1,Coastal Blue,0.150373229
B3,L,W,LW,Band1,Coastal Blue,0.150373229
B3,C,W,CW,Band1,Coastal Blue,0.148299115
B4,C,C,CC,Band1,Coastal Blue,0.150373229
B4,L,C,LC,Band1,Coastal Blue,0.149336172
B4,L,W,LW,Band1,Coastal Blue,0.153484399
B4,C,W,CW,Band1,Coastal Blue,0.150373229
B5,C,C,CC,Band1,Coastal Blue,0.145187945
B5,L,C,LC,Band1,Coastal Blue,0.148299115
B5,L,W,LW,Band1,Coastal Blue,0.152447342
B5,C,W,CW,Band1,Coastal Blue,0.149336172
B1,C,C,CC,Band2,Blue,0.11365498
B1,L,C,LC,Band2,Blue,0.112572551
B1,L,W,LW,Band2,Blue,0.117984693
B1,C,W,CW,Band2,Blue,0.110407694
B2,C,C,CC,Band2,Blue,0.115819836
B2,L,C,LC,Band2,Blue,0.12014955
B2,L,W,LW,Band2,Blue,0.116902265
B2,C,W,CW,Band2,Blue,0.111490123
B3,C,C,CC,Band2,Blue,0.110407694
B3,L,C,LC,Band2,Blue,0.119067121
B3,L,W,LW,Band2,Blue,0.121231978
B3,C,W,CW,Band2,Blue,0.116902265
B4,C,C,CC,Band2,Blue,0.114737408
B4,L,C,LC,Band2,Blue,0.125561692
B4,L,W,LW,Band2,Blue,0.123396835
B4,C,W,CW,Band2,Blue,0.119067121
B5,C,C,CC,Band2,Blue,0.115819836
B5,L,C,LC,Band2,Blue,0.115819836
B5,L,W,LW,Band2,Blue,0.121231978
B5,C,W,CW,Band2,Blue,0.116902265
B1,C,C,CC,Band3,Green,0.09935859
B1,L,C,LC,Band3,Green,0.092635076
B1,L,W,LW,Band3,Green,0.098611533
B1,C,W,CW,Band3,Green,0.093382133
B2,C,C,CC,Band3,Green,0.101599761
B2,L,C,LC,Band3,Green,0.108323274
B2,L,W,LW,Band3,Green,0.109070331
B2,C,W,CW,Band3,Green,0.093382133
B3,C,C,CC,Band3,Green,0.097117418
B3,L,C,LC,Band3,Green,0.103840932
B3,L,W,LW,Band3,Green,0.108323274
B3,C,W,CW,Band3,Green,0.09935859
B4,C,C,CC,Band3,Green,0.097864475
B4,L,C,LC,Band3,Green,0.115793845
B4,L,W,LW,Band3,Green,0.11205856
B4,C,W,CW,Band3,Green,0.101599761
B5,C,C,CC,Band3,Green,0.098611533
B5,L,C,LC,Band3,Green,0.102346818
B5,L,W,LW,Band3,Green,0.10682916
B5,C,W,CW,Band3,Green,0.100852704
B1,C,C,CC,Band4,Yellow,0.110840519
B1,L,C,LC,Band4,Yellow,0.095468476
B1,L,W,LW,Band4,Yellow,0.110031464
B1,C,W,CW,Band4,Yellow,0.097086586
B2,C,C,CC,Band4,Yellow,0.110031464
B2,L,C,LC,Band4,Yellow,0.125403507
B2,L,W,LW,Band4,Yellow,0.126212562
B2,C,W,CW,Band4,Yellow,0.09951375
B3,C,C,CC,Band4,Yellow,0.097895641
B3,L,C,LC,Band4,Yellow,0.118122013
B3,L,W,LW,Band4,Yellow,0.128639726
B3,C,W,CW,Band4,Yellow,0.111649574
B4,C,C,CC,Band4,Yellow,0.108413354
B4,L,C,LC,Band4,Yellow,0.128639726
B4,L,W,LW,Band4,Yellow,0.131875946
B4,C,W,CW,Band4,Yellow,0.111649574
B5,C,C,CC,Band4,Yellow,0.101940915
B5,L,C,LC,Band4,Yellow,0.109222409
B5,L,W,LW,Band4,Yellow,0.128639726
B5,C,W,CW,Band4,Yellow,0.107604299
B1,C,C,CC,Band5,Red,0.129624305
B1,L,C,LC,Band5,Red,0.107777512
B1,L,W,LW,Band5,Red,0.1267114
B1,C,W,CW,Band5,Red,0.111418645
B2,C,C,CC,Band5,Red,0.12452672
B2,L,C,LC,Band5,Red,0.133265438
B2,L,W,LW,Band5,Red,0.14710174
B2,C,W,CW,Band5,Red,0.107049286
B3,C,C,CC,Band5,Red,0.107777512
B3,L,C,LC,Band5,Red,0.1267114
B3,L,W,LW,Band5,Red,0.144917061
B3,C,W,CW,Band5,Red,0.128167853
B4,C,C,CC,Band5,Red,0.117244456
B4,L,C,LC,Band5,Red,0.151471099
B4,L,W,LW,Band5,Red,0.14710174
B4,C,W,CW,Band5,Red,0.121613815
B5,C,C,CC,Band5,Red,0.119429135
B5,L,C,LC,Band5,Red,0.131808985
B5,L,W,LW,Band5,Red,0.144188834
B5,C,W,CW,Band5,Red,0.125254947
B1,C,C,CC,Band6,Red Edge,0.137777404
B1,L,C,LC,Band6,Red Edge,0.138708332
B1,L,W,LW,Band6,Red Edge,0.144293902
B1,C,W,CW,Band6,Red Edge,0.124744406
B2,C,C,CC,Band6,Red Edge,0.147086688
B2,L,C,LC,Band6,Red Edge,0.15174133
B2,L,W,LW,Band6,Red Edge,0.161981542
B2,C,W,CW,Band6,Red Edge,0.121020692
B3,C,C,CC,Band6,Red Edge,0.121020692
B3,L,C,LC,Band6,Red Edge,0.1573269
B3,L,W,LW,Band6,Red Edge,0.154534115
B3,C,W,CW,Band6,Red Edge,0.140570189
B4,C,C,CC,Band6,Red Edge,0.136846475
B4,L,C,LC,Band6,Red Edge,0.173152683
B4,L,W,LW,Band6,Red Edge,0.168498041
B4,C,W,CW,Band6,Red Edge,0.135915547
B5,C,C,CC,Band6,Red Edge,0.12846812
B5,L,C,LC,Band6,Red Edge,0.137777404
B5,L,W,LW,Band6,Red Edge,0.167567113
B5,C,W,CW,Band6,Red Edge,0.142432046
B1,C,C,CC,Band7,NIR1,0.171779363
B1,L,C,LC,Band7,NIR1,0.185976005
B1,L,W,LW,Band7,NIR1,0.184556341
B1,C,W,CW,Band7,NIR1,0.165390875
B2,C,C,CC,Band7,NIR1,0.178167852
B2,L,C,LC,Band7,NIR1,0.185976005
B2,L,W,LW,Band7,NIR1,0.201592311
B2,C,W,CW,Band7,NIR1,0.153323729
B3,C,C,CC,Band7,NIR1,0.166810539
B3,L,C,LC,Band7,NIR1,0.17745802
B3,L,W,LW,Band7,NIR1,0.195913654
B3,C,W,CW,Band7,NIR1,0.17745802
B4,C,C,CC,Band7,NIR1,0.169649867
B4,L,C,LC,Band7,NIR1,0.210110296
B4,L,W,LW,Band7,NIR1,0.205851303
B4,C,W,CW,Band7,NIR1,0.168940035
B5,C,C,CC,Band7,NIR1,0.164681043
B5,L,C,LC,Band7,NIR1,0.188815333
B5,L,W,LW,Band7,NIR1,0.199462815
B5,C,W,CW,Band7,NIR1,0.170359699
B1,C,C,CC,Band8,NIR2,0.145709116
B1,L,C,LC,Band8,NIR2,0.151423199
B1,L,W,LW,Band8,NIR2,0.15213746
B1,C,W,CW,Band8,NIR2,0.136423731
B2,C,C,CC,Band8,NIR2,0.156423022
B2,L,C,LC,Band8,NIR2,0.17142249
B2,L,W,LW,Band8,NIR2,0.155708762
B2,C,W,CW,Band8,NIR2,0.127138347
B3,C,C,CC,Band8,NIR2,0.136423731
B3,L,C,LC,Band8,NIR2,0.162851365
B3,L,W,LW,Band8,NIR2,0.172851011
B3,C,W,CW,Band8,NIR2,0.15285172
B4,C,C,CC,Band8,NIR2,0.156423022
B4,L,C,LC,Band8,NIR2,0.182850656
B4,L,W,LW,Band8,NIR2,0.181422135
B4,C,W,CW,Band8,NIR2,0.145709116
B5,C,C,CC,Band8,NIR2,0.134995211
B5,L,C,LC,Band8,NIR2,0.147137637
B5,L,W,LW,Band8,NIR2,0.172851011
B5,C,W,CW,Band8,NIR2,0.15285172
B1,C,C,CC,Index1,NDVI,0.139862458
B1,L,C,LC,Index1,NDVI,0.266204447
B1,L,W,LW,Index1,NDVI,0.185836608
B1,C,W,CW,Index1,NDVI,0.194979675
B2,C,C,CC,Index1,NDVI,0.17721207
B2,L,C,LC,Index1,NDVI,0.165111919
B2,L,W,LW,Index1,NDVI,0.156270435
B2,C,W,CW,Index1,NDVI,0.177723653
B3,C,C,CC,Index1,NDVI,0.214987601
B3,L,C,LC,Index1,NDVI,0.166836694
B3,L,W,LW,Index1,NDVI,0.149624407
B3,C,W,CW,Index1,NDVI,0.161276161
B4,C,C,CC,Index1,NDVI,0.18266451
B4,L,C,LC,Index1,NDVI,0.162174266
B4,L,W,LW,Index1,NDVI,0.1664515
B4,C,W,CW,Index1,NDVI,0.162882786
B5,C,C,CC,Index1,NDVI,0.15927591
B5,L,C,LC,Index1,NDVI,0.177797956
B5,L,W,LW,Index1,NDVI,0.160843053
B5,C,W,CW,Index1,NDVI,0.152579559
,,,,,,
,,,,,,
,,,,,,
,,,,,,
,,,,,,