"timestamp","plot","treatment","location","quad","cover","direction","side","date","hour","temp","siemens","sm.corr"
2022-02-13 10:00:00,"b1","lw","interspace","3","lc","east","NA",2022-02-13,10,8.11,0,0
2022-02-13 10:10:00,"b1","lw","interspace","3","lc","east","NA",2022-02-13,10,9.91,0,0
2022-02-13 10:20:00,"b1","lw","interspace","3","lc","east","NA",2022-02-13,10,11.8,0,0
2022-02-13 10:30:00,"b1","lw","interspace","3","lc","east","NA",2022-02-13,10,13.54,0,0
2022-02-13 10:40:00,"b1","lw","interspace","3","lc","east","NA",2022-02-13,10,15.16,0,0
2022-02-13 10:50:00,"b1","lw","interspace","3","lc","east","NA",2022-02-13,10,16.92,0,0
2022-02-13 11:00:00,"b1","lw","interspace","3","lc","east","NA",2022-02-13,11,18.46,0,0
2022-02-13 11:10:00,"b1","lw","interspace","3","lc","east","NA",2022-02-13,11,19.92,0,0
2022-02-13 11:20:00,"b1","lw","interspace","3","lc","east","NA",2022-02-13,11,21.25,0,0
2022-02-13 11:30:00,"b1","lw","interspace","3","lc","east","NA",2022-02-13,11,22.31,0,0
2022-02-13 11:40:00,"b1","lw","interspace","3","lc","east","NA",2022-02-13,11,23.28,0,0
2022-02-13 11:50:00,"b1","lw","interspace","3","lc","east","NA",2022-02-13,11,24.4,0,0
2022-02-13 12:00:00,"b1","lw","interspace","3","lc","east","NA",2022-02-13,12,25.4,0,0
2022-02-13 12:10:00,"b1","lw","interspace","3","lc","east","NA",2022-02-13,12,26.17,0,0
2022-02-13 12:20:00,"b1","lw","interspace","3","lc","east","NA",2022-02-13,12,26.33,0,0
2022-02-13 12:30:00,"b1","lw","interspace","3","lc","east","NA",2022-02-13,12,25.19,0,0
2022-02-13 12:40:00,"b1","lw","interspace","3","lc","east","NA",2022-02-13,12,26.22,0,0
2022-02-13 12:50:00,"b1","lw","interspace","3","lc","east","NA",2022-02-13,12,27.97,0,0
2022-02-13 13:00:00,"b1","lw","interspace","3","lc","east","NA",2022-02-13,13,28.64,0.129,0.00205626
2022-02-13 13:10:00,"b1","lw","interspace","3","lc","east","NA",2022-02-13,13,28.93,0.176,0.00280544
2022-02-13 13:20:00,"b1","lw","interspace","3","lc","east","NA",2022-02-13,13,28.9,0.162,0.00258228
2022-02-13 13:30:00,"b1","lw","interspace","3","lc","east","NA",2022-02-13,13,29.39,0.112,0.00178528
2022-02-13 13:40:00,"b1","lw","interspace","3","lc","east","NA",2022-02-13,13,29.67,0.085,0.0013549
2022-02-13 13:50:00,"b1","lw","interspace","3","lc","east","NA",2022-02-13,13,29.73,0.058,0.00092452
2022-02-13 14:00:00,"b1","lw","interspace","3","lc","east","NA",2022-02-13,14,29.83,0.058,0.00092452
2022-02-13 14:10:00,"b1","lw","interspace","3","lc","east","NA",2022-02-13,14,29.8,0.031,0.00049414
2022-02-13 14:20:00,"b1","lw","interspace","3","lc","east","NA",2022-02-13,14,29.3,0,0
2022-02-13 14:30:00,"b1","lw","interspace","3","lc","east","NA",2022-02-13,14,29.08,0,0
2022-02-13 14:40:00,"b1","lw","interspace","3","lc","east","NA",2022-02-13,14,29.06,0,0
2022-02-13 14:50:00,"b1","lw","interspace","3","lc","east","NA",2022-02-13,14,28.21,0,0
2022-02-14 10:00:00,"b1","lw","interspace","3","lc","east","NA",2022-02-14,10,7.146,0,0
2022-02-14 10:10:00,"b1","lw","interspace","3","lc","east","NA",2022-02-14,10,9.49,0,0
2022-02-14 10:20:00,"b1","lw","interspace","3","lc","east","NA",2022-02-14,10,11.73,0,0
2022-02-14 10:30:00,"b1","lw","interspace","3","lc","east","NA",2022-02-14,10,13.77,0,0
2022-02-14 10:40:00,"b1","lw","interspace","3","lc","east","NA",2022-02-14,10,15.53,0,0
2022-02-14 10:50:00,"b1","lw","interspace","3","lc","east","NA",2022-02-14,10,17.23,0,0
2022-02-14 11:00:00,"b1","lw","interspace","3","lc","east","NA",2022-02-14,11,19.02,0,0
2022-02-14 11:10:00,"b1","lw","interspace","3","lc","east","NA",2022-02-14,11,20.55,0,0
2022-02-14 11:20:00,"b1","lw","interspace","3","lc","east","NA",2022-02-14,11,21.81,0,0
2022-02-14 11:30:00,"b1","lw","interspace","3","lc","east","NA",2022-02-14,11,23.21,0,0
2022-02-14 11:40:00,"b1","lw","interspace","3","lc","east","NA",2022-02-14,11,24.12,0,0
2022-02-14 11:50:00,"b1","lw","interspace","3","lc","east","NA",2022-02-14,11,25.27,0,0
2022-02-14 12:00:00,"b1","lw","interspace","3","lc","east","NA",2022-02-14,12,26.23,0,0
2022-02-14 12:10:00,"b1","lw","interspace","3","lc","east","NA",2022-02-14,12,26.97,0,0
2022-02-14 12:20:00,"b1","lw","interspace","3","lc","east","NA",2022-02-14,12,27.8,0,0
2022-02-14 12:30:00,"b1","lw","interspace","3","lc","east","NA",2022-02-14,12,27.08,0,0
2022-02-14 12:40:00,"b1","lw","interspace","3","lc","east","NA",2022-02-14,12,27.84,0.062,0.00098828
2022-02-14 12:50:00,"b1","lw","interspace","3","lc","east","NA",2022-02-14,12,29.23,0.158,0.00251852
2022-02-14 13:00:00,"b1","lw","interspace","3","lc","east","NA",2022-02-14,13,29.93,0.171,0.00272574
2022-02-14 13:10:00,"b1","lw","interspace","3","lc","east","NA",2022-02-14,13,26.47,0.178,0.00283732
2022-02-14 13:20:00,"b1","lw","interspace","3","lc","east","NA",2022-02-14,13,20.83,0.126,0.00200844
2022-02-14 13:30:00,"b1","lw","interspace","3","lc","east","NA",2022-02-14,13,21.42,0.072,0.00114768
2022-02-14 13:40:00,"b1","lw","interspace","3","lc","east","NA",2022-02-14,13,25.95,0.072,0.00114768
2022-02-14 13:50:00,"b1","lw","interspace","3","lc","east","NA",2022-02-14,13,27.27,0.045,0.0007173
2022-02-14 14:00:00,"b1","lw","interspace","3","lc","east","NA",2022-02-14,14,27.25,0,0
2022-02-14 14:10:00,"b1","lw","interspace","3","lc","east","NA",2022-02-14,14,26.36,0,0
2022-02-14 14:20:00,"b1","lw","interspace","3","lc","east","NA",2022-02-14,14,26.33,0,0
2022-02-14 14:30:00,"b1","lw","interspace","3","lc","east","NA",2022-02-14,14,25.55,0,0
2022-02-14 14:40:00,"b1","lw","interspace","3","lc","east","NA",2022-02-14,14,24.92,0,0
2022-02-14 14:50:00,"b1","lw","interspace","3","lc","east","NA",2022-02-14,14,25.66,0,0
2022-02-13 10:00:00,"b1","w","interspace","3","dc","east","NA",2022-02-13,10,-2.453,0,0
2022-02-13 10:10:00,"b1","w","interspace","3","dc","east","NA",2022-02-13,10,-0.668,0,0
2022-02-13 10:20:00,"b1","w","interspace","3","dc","east","NA",2022-02-13,10,1.054,0,0
2022-02-13 10:30:00,"b1","w","interspace","3","dc","east","NA",2022-02-13,10,2.504,0,0
2022-02-13 10:40:00,"b1","w","interspace","3","dc","east","NA",2022-02-13,10,3.586,0,0
2022-02-13 10:50:00,"b1","w","interspace","3","dc","east","NA",2022-02-13,10,4.471,0,0
2022-02-13 11:00:00,"b1","w","interspace","3","dc","east","NA",2022-02-13,11,5.031,0,0
2022-02-13 11:10:00,"b1","w","interspace","3","dc","east","NA",2022-02-13,11,5.274,0,0
2022-02-13 11:20:00,"b1","w","interspace","3","dc","east","NA",2022-02-13,11,5.563,0,0
2022-02-13 11:30:00,"b1","w","interspace","3","dc","east","NA",2022-02-13,11,5.517,0,0
2022-02-13 11:40:00,"b1","w","interspace","3","dc","east","NA",2022-02-13,11,5.71,0,0
2022-02-13 11:50:00,"b1","w","interspace","3","dc","east","NA",2022-02-13,11,6.321,0,0
2022-02-13 12:00:00,"b1","w","interspace","3","dc","east","NA",2022-02-13,12,6.404,0,0
2022-02-13 12:10:00,"b1","w","interspace","3","dc","east","NA",2022-02-13,12,6.724,0,0
2022-02-13 12:20:00,"b1","w","interspace","3","dc","east","NA",2022-02-13,12,6.997,0,0
2022-02-13 12:30:00,"b1","w","interspace","3","dc","east","NA",2022-02-13,12,7.585,0,0
2022-02-13 12:40:00,"b1","w","interspace","3","dc","east","NA",2022-02-13,12,7.314,0,0
2022-02-13 12:50:00,"b1","w","interspace","3","dc","east","NA",2022-02-13,12,7.879,0,0
2022-02-13 13:00:00,"b1","w","interspace","3","dc","east","NA",2022-02-13,13,9.28,0.129,0.00205626
2022-02-13 13:10:00,"b1","w","interspace","3","dc","east","NA",2022-02-13,13,10.13,0.176,0.00280544
2022-02-13 13:20:00,"b1","w","interspace","3","dc","east","NA",2022-02-13,13,10.46,0.162,0.00258228
2022-02-13 13:30:00,"b1","w","interspace","3","dc","east","NA",2022-02-13,13,10.96,0.112,0.00178528
2022-02-13 13:40:00,"b1","w","interspace","3","dc","east","NA",2022-02-13,13,11.43,0.058,0.00092452
2022-02-13 13:50:00,"b1","w","interspace","3","dc","east","NA",2022-02-13,13,11.85,0.058,0.00092452
2022-02-13 14:00:00,"b1","w","interspace","3","dc","east","NA",2022-02-13,14,11.87,0.058,0.00092452
2022-02-13 14:10:00,"b1","w","interspace","3","dc","east","NA",2022-02-13,14,12.27,0.031,0.00049414
2022-02-13 14:20:00,"b1","w","interspace","3","dc","east","NA",2022-02-13,14,12.65,0,0
2022-02-13 14:30:00,"b1","w","interspace","3","dc","east","NA",2022-02-13,14,12.59,0,0
2022-02-13 14:40:00,"b1","w","interspace","3","dc","east","NA",2022-02-13,14,12.93,0,0
2022-02-13 14:50:00,"b1","w","interspace","3","dc","east","NA",2022-02-13,14,13.47,0,0
2022-02-14 10:00:00,"b1","w","interspace","3","dc","east","NA",2022-02-14,10,-2.01,0,0
2022-02-14 10:10:00,"b1","w","interspace","3","dc","east","NA",2022-02-14,10,-0.267,0,0
2022-02-14 10:20:00,"b1","w","interspace","3","dc","east","NA",2022-02-14,10,1.413,0,0
2022-02-14 10:30:00,"b1","w","interspace","3","dc","east","NA",2022-02-14,10,2.855,0,0
2022-02-14 10:40:00,"b1","w","interspace","3","dc","east","NA",2022-02-14,10,4.08,0,0
2022-02-14 10:50:00,"b1","w","interspace","3","dc","east","NA",2022-02-14,10,5.038,0,0
2022-02-14 11:00:00,"b1","w","interspace","3","dc","east","NA",2022-02-14,11,5.549,0,0
2022-02-14 11:10:00,"b1","w","interspace","3","dc","east","NA",2022-02-14,11,5.981,0,0
2022-02-14 11:20:00,"b1","w","interspace","3","dc","east","NA",2022-02-14,11,6.363,0,0
2022-02-14 11:30:00,"b1","w","interspace","3","dc","east","NA",2022-02-14,11,6.534,0,0
2022-02-14 11:40:00,"b1","w","interspace","3","dc","east","NA",2022-02-14,11,6.972,0,0
2022-02-14 11:50:00,"b1","w","interspace","3","dc","east","NA",2022-02-14,11,7.511,0,0
2022-02-14 12:00:00,"b1","w","interspace","3","dc","east","NA",2022-02-14,12,7.338,0,0
2022-02-14 12:10:00,"b1","w","interspace","3","dc","east","NA",2022-02-14,12,7.537,0,0
2022-02-14 12:20:00,"b1","w","interspace","3","dc","east","NA",2022-02-14,12,7.754,0,0
2022-02-14 12:30:00,"b1","w","interspace","3","dc","east","NA",2022-02-14,12,8.4,0,0
2022-02-14 12:40:00,"b1","w","interspace","3","dc","east","NA",2022-02-14,12,8.37,0.062,0.00098828
2022-02-14 12:50:00,"b1","w","interspace","3","dc","east","NA",2022-02-14,12,9.17,0.158,0.00251852
2022-02-14 13:00:00,"b1","w","interspace","3","dc","east","NA",2022-02-14,13,10.67,0.184,0.00293296
2022-02-14 13:10:00,"b1","w","interspace","3","dc","east","NA",2022-02-14,13,11.51,0.178,0.00283732
2022-02-14 13:20:00,"b1","w","interspace","3","dc","east","NA",2022-02-14,13,11.93,0.126,0.00200844
2022-02-14 13:30:00,"b1","w","interspace","3","dc","east","NA",2022-02-14,13,12.22,0.086,0.00137084
2022-02-14 13:40:00,"b1","w","interspace","3","dc","east","NA",2022-02-14,13,12.8,0.058,0.00092452
2022-02-14 13:50:00,"b1","w","interspace","3","dc","east","NA",2022-02-14,13,13.41,0.045,0.0007173
2022-02-14 14:00:00,"b1","w","interspace","3","dc","east","NA",2022-02-14,14,14.2,0.004,6.376e-05
2022-02-14 14:10:00,"b1","w","interspace","3","dc","east","NA",2022-02-14,14,14.25,0,0
2022-02-14 14:20:00,"b1","w","interspace","3","dc","east","NA",2022-02-14,14,14.41,0,0
2022-02-14 14:30:00,"b1","w","interspace","3","dc","east","NA",2022-02-14,14,14.64,0,0
2022-02-14 14:40:00,"b1","w","interspace","3","dc","east","NA",2022-02-14,14,14.99,0,0
2022-02-14 14:50:00,"b1","w","interspace","3","dc","east","NA",2022-02-14,14,15.56,0,0
2022-02-13 10:00:00,"b1","c","interspace","3","lc","east","NA",2022-02-13,10,-2.324,0,0
2022-02-13 10:10:00,"b1","c","interspace","3","lc","east","NA",2022-02-13,10,-0.184,0,0
2022-02-13 10:20:00,"b1","c","interspace","3","lc","east","NA",2022-02-13,10,1.764,0,0
2022-02-13 10:30:00,"b1","c","interspace","3","lc","east","NA",2022-02-13,10,3.75,0,0
2022-02-13 10:40:00,"b1","c","interspace","3","lc","east","NA",2022-02-13,10,5.687,0,0
2022-02-13 10:50:00,"b1","c","interspace","3","lc","east","NA",2022-02-13,10,7.234,0,0
2022-02-13 11:00:00,"b1","c","interspace","3","lc","east","NA",2022-02-13,11,8.79,0,0
2022-02-13 11:10:00,"b1","c","interspace","3","lc","east","NA",2022-02-13,11,10.25,0,0
2022-02-13 11:20:00,"b1","c","interspace","3","lc","east","NA",2022-02-13,11,11.44,0,0
2022-02-13 11:30:00,"b1","c","interspace","3","lc","east","NA",2022-02-13,11,12.52,0,0
2022-02-13 11:40:00,"b1","c","interspace","3","lc","east","NA",2022-02-13,11,13.56,0,0
2022-02-13 11:50:00,"b1","c","interspace","3","lc","east","NA",2022-02-13,11,14.37,0,0
2022-02-13 12:00:00,"b1","c","interspace","3","lc","east","NA",2022-02-13,12,14.91,0,0
2022-02-13 12:10:00,"b1","c","interspace","3","lc","east","NA",2022-02-13,12,13.86,0,0
2022-02-13 12:20:00,"b1","c","interspace","3","lc","east","NA",2022-02-13,12,15.33,0,0
2022-02-13 12:30:00,"b1","c","interspace","3","lc","east","NA",2022-02-13,12,16.42,0,0
2022-02-13 12:40:00,"b1","c","interspace","3","lc","east","NA",2022-02-13,12,17.18,0,0
2022-02-13 12:50:00,"b1","c","interspace","3","lc","east","NA",2022-02-13,12,17.44,0,0
2022-02-13 13:00:00,"b1","c","interspace","3","lc","east","NA",2022-02-13,13,17.66,0.129,0.00205626
2022-02-13 13:10:00,"b1","c","interspace","3","lc","east","NA",2022-02-13,13,17.54,0.176,0.00280544
2022-02-13 13:20:00,"b1","c","interspace","3","lc","east","NA",2022-02-13,13,17.27,0.135,0.0021519
2022-02-13 13:30:00,"b1","c","interspace","3","lc","east","NA",2022-02-13,13,17.95,0.166,0.00264604
2022-02-13 13:40:00,"b1","c","interspace","3","lc","east","NA",2022-02-13,13,17.56,0.058,0.00092452
2022-02-13 13:50:00,"b1","c","interspace","3","lc","east","NA",2022-02-13,13,17.09,0.058,0.00092452
2022-02-13 14:00:00,"b1","c","interspace","3","lc","east","NA",2022-02-13,14,17.16,0.058,0.00092452
2022-02-13 14:10:00,"b1","c","interspace","3","lc","east","NA",2022-02-13,14,17.64,0.045,0.0007173
2022-02-13 14:20:00,"b1","c","interspace","3","lc","east","NA",2022-02-13,14,17.64,0,0
2022-02-13 14:30:00,"b1","c","interspace","3","lc","east","NA",2022-02-13,14,17.79,0,0
2022-02-13 14:40:00,"b1","c","interspace","3","lc","east","NA",2022-02-13,14,18.11,0,0
2022-02-13 14:50:00,"b1","c","interspace","3","lc","east","NA",2022-02-13,14,18.44,0,0
2022-02-14 10:00:00,"b1","c","interspace","3","lc","east","NA",2022-02-14,10,-1.955,0,0
2022-02-14 10:10:00,"b1","c","interspace","3","lc","east","NA",2022-02-14,10,0.312,0,0
2022-02-14 10:20:00,"b1","c","interspace","3","lc","east","NA",2022-02-14,10,2.336,0,0
2022-02-14 10:30:00,"b1","c","interspace","3","lc","east","NA",2022-02-14,10,4.228,0,0
2022-02-14 10:40:00,"b1","c","interspace","3","lc","east","NA",2022-02-14,10,6.095,0,0
2022-02-14 10:50:00,"b1","c","interspace","3","lc","east","NA",2022-02-14,10,7.79,0,0
2022-02-14 11:00:00,"b1","c","interspace","3","lc","east","NA",2022-02-14,11,9.42,0,0
2022-02-14 11:10:00,"b1","c","interspace","3","lc","east","NA",2022-02-14,11,10.7,0,0
2022-02-14 11:20:00,"b1","c","interspace","3","lc","east","NA",2022-02-14,11,11.84,0,0
2022-02-14 11:30:00,"b1","c","interspace","3","lc","east","NA",2022-02-14,11,12.98,0,0
2022-02-14 11:40:00,"b1","c","interspace","3","lc","east","NA",2022-02-14,11,14.09,0,0
2022-02-14 11:50:00,"b1","c","interspace","3","lc","east","NA",2022-02-14,11,14.85,0,0
2022-02-14 12:00:00,"b1","c","interspace","3","lc","east","NA",2022-02-14,12,15.71,0,0
2022-02-14 12:10:00,"b1","c","interspace","3","lc","east","NA",2022-02-14,12,14.88,0,0
2022-02-14 12:20:00,"b1","c","interspace","3","lc","east","NA",2022-02-14,12,16.62,0,0
2022-02-14 12:30:00,"b1","c","interspace","3","lc","east","NA",2022-02-14,12,17.73,0,0
2022-02-14 12:40:00,"b1","c","interspace","3","lc","east","NA",2022-02-14,12,18.52,0.062,0.00098828
2022-02-14 12:50:00,"b1","c","interspace","3","lc","east","NA",2022-02-14,12,18.93,0.158,0.00251852
2022-02-14 13:00:00,"b1","c","interspace","3","lc","east","NA",2022-02-14,13,19.09,0.184,0.00293296
2022-02-14 13:10:00,"b1","c","interspace","3","lc","east","NA",2022-02-14,13,19.05,0.178,0.00283732
2022-02-14 13:20:00,"b1","c","interspace","3","lc","east","NA",2022-02-14,13,19,0.126,0.00200844
2022-02-14 13:30:00,"b1","c","interspace","3","lc","east","NA",2022-02-14,13,19.39,0.058,0.00092452
2022-02-14 13:40:00,"b1","c","interspace","3","lc","east","NA",2022-02-14,13,18.85,0.058,0.00092452
2022-02-14 13:50:00,"b1","c","interspace","3","lc","east","NA",2022-02-14,13,17.67,0.045,0.0007173
2022-02-14 14:00:00,"b1","c","interspace","3","lc","east","NA",2022-02-14,14,17.99,0,0
2022-02-14 14:10:00,"b1","c","interspace","3","lc","east","NA",2022-02-14,14,18.66,0,0
2022-02-14 14:20:00,"b1","c","interspace","3","lc","east","NA",2022-02-14,14,18.91,0,0
2022-02-14 14:30:00,"b1","c","interspace","3","lc","east","NA",2022-02-14,14,18.8,0,0
2022-02-14 14:40:00,"b1","c","interspace","3","lc","east","NA",2022-02-14,14,18.74,0,0
2022-02-14 14:50:00,"b1","c","interspace","3","lc","east","NA",2022-02-14,14,19.53,0,0
2022-02-13 10:00:00,"b2","w","interspace","1","moss","east","NA",2022-02-13,10,-1.538,0,0
2022-02-13 10:10:00,"b2","w","interspace","1","moss","east","NA",2022-02-13,10,0.792,0,0
2022-02-13 10:20:00,"b2","w","interspace","1","moss","east","NA",2022-02-13,10,2.9,0,0
2022-02-13 10:30:00,"b2","w","interspace","1","moss","east","NA",2022-02-13,10,4.744,0,0
2022-02-13 10:40:00,"b2","w","interspace","1","moss","east","NA",2022-02-13,10,6.538,0,0
2022-02-13 10:50:00,"b2","w","interspace","1","moss","east","NA",2022-02-13,10,9.02,0,0
2022-02-13 11:00:00,"b2","w","interspace","1","moss","east","NA",2022-02-13,11,10.92,0,0
2022-02-13 11:10:00,"b2","w","interspace","1","moss","east","NA",2022-02-13,11,12.37,0,0
2022-02-13 11:20:00,"b2","w","interspace","1","moss","east","NA",2022-02-13,11,13.51,0,0
2022-02-13 11:30:00,"b2","w","interspace","1","moss","east","NA",2022-02-13,11,14.69,0,0
2022-02-13 11:40:00,"b2","w","interspace","1","moss","east","NA",2022-02-13,11,15.42,0,0
2022-02-13 11:50:00,"b2","w","interspace","1","moss","east","NA",2022-02-13,11,16.47,0,0
2022-02-13 12:00:00,"b2","w","interspace","1","moss","east","NA",2022-02-13,12,17.44,0,0
2022-02-13 12:10:00,"b2","w","interspace","1","moss","east","NA",2022-02-13,12,17.78,0,0
2022-02-13 12:20:00,"b2","w","interspace","1","moss","east","NA",2022-02-13,12,18.5,0,0
2022-02-13 12:30:00,"b2","w","interspace","1","moss","east","NA",2022-02-13,12,18.98,0,0
2022-02-13 12:40:00,"b2","w","interspace","1","moss","east","NA",2022-02-13,12,19.54,0,0
2022-02-13 12:50:00,"b2","w","interspace","1","moss","east","NA",2022-02-13,12,19.25,0,0
2022-02-13 13:00:00,"b2","w","interspace","1","moss","east","NA",2022-02-13,13,19,0.129,0.00205626
2022-02-13 13:10:00,"b2","w","interspace","1","moss","east","NA",2022-02-13,13,18.85,0.176,0.00280544
2022-02-13 13:20:00,"b2","w","interspace","1","moss","east","NA",2022-02-13,13,18.85,0.162,0.00258228
2022-02-13 13:30:00,"b2","w","interspace","1","moss","east","NA",2022-02-13,13,18.84,0.112,0.00178528
2022-02-13 13:40:00,"b2","w","interspace","1","moss","east","NA",2022-02-13,13,18.61,0.072,0.00114768
2022-02-13 13:50:00,"b2","w","interspace","1","moss","east","NA",2022-02-13,13,17.71,0.058,0.00092452
2022-02-13 14:00:00,"b2","w","interspace","1","moss","east","NA",2022-02-13,14,16.54,0.045,0.0007173
2022-02-13 14:10:00,"b2","w","interspace","1","moss","east","NA",2022-02-13,14,16.46,0.045,0.0007173
2022-02-13 14:20:00,"b2","w","interspace","1","moss","east","NA",2022-02-13,14,16.3,0,0
2022-02-13 14:30:00,"b2","w","interspace","1","moss","east","NA",2022-02-13,14,15.2,0,0
2022-02-13 14:40:00,"b2","w","interspace","1","moss","east","NA",2022-02-13,14,14.11,0,0
2022-02-13 14:50:00,"b2","w","interspace","1","moss","east","NA",2022-02-13,14,13.14,0,0
2022-02-14 10:00:00,"b2","w","interspace","1","moss","east","NA",2022-02-14,10,-0.885,0,0
2022-02-14 10:10:00,"b2","w","interspace","1","moss","east","NA",2022-02-14,10,1.406,0,0
2022-02-14 10:20:00,"b2","w","interspace","1","moss","east","NA",2022-02-14,10,3.461,0,0
2022-02-14 10:30:00,"b2","w","interspace","1","moss","east","NA",2022-02-14,10,4.866,0,0
2022-02-14 10:40:00,"b2","w","interspace","1","moss","east","NA",2022-02-14,10,7.313,0,0
2022-02-14 10:50:00,"b2","w","interspace","1","moss","east","NA",2022-02-14,10,9.49,0,0
2022-02-14 11:00:00,"b2","w","interspace","1","moss","east","NA",2022-02-14,11,11.59,0,0
2022-02-14 11:10:00,"b2","w","interspace","1","moss","east","NA",2022-02-14,11,13.22,0,0
2022-02-14 11:20:00,"b2","w","interspace","1","moss","east","NA",2022-02-14,11,14.72,0,0
2022-02-14 11:30:00,"b2","w","interspace","1","moss","east","NA",2022-02-14,11,15.8,0,0
2022-02-14 11:40:00,"b2","w","interspace","1","moss","east","NA",2022-02-14,11,16.86,0,0
2022-02-14 11:50:00,"b2","w","interspace","1","moss","east","NA",2022-02-14,11,17.3,0,0
2022-02-14 12:00:00,"b2","w","interspace","1","moss","east","NA",2022-02-14,12,17.79,0,0
2022-02-14 12:10:00,"b2","w","interspace","1","moss","east","NA",2022-02-14,12,18.88,0,0
2022-02-14 12:20:00,"b2","w","interspace","1","moss","east","NA",2022-02-14,12,19.6,0,0
2022-02-14 12:30:00,"b2","w","interspace","1","moss","east","NA",2022-02-14,12,19.88,0,0
2022-02-14 12:40:00,"b2","w","interspace","1","moss","east","NA",2022-02-14,12,19.95,0.062,0.00098828
2022-02-14 12:50:00,"b2","w","interspace","1","moss","east","NA",2022-02-14,12,20.13,0.158,0.00251852
2022-02-14 13:00:00,"b2","w","interspace","1","moss","east","NA",2022-02-14,13,20.3,0.184,0.00293296
2022-02-14 13:10:00,"b2","w","interspace","1","moss","east","NA",2022-02-14,13,19.6,0.178,0.00283732
2022-02-14 13:20:00,"b2","w","interspace","1","moss","east","NA",2022-02-14,13,19.59,0.126,0.00200844
2022-02-14 13:30:00,"b2","w","interspace","1","moss","east","NA",2022-02-14,13,19.88,0.072,0.00114768
2022-02-14 13:40:00,"b2","w","interspace","1","moss","east","NA",2022-02-14,13,19.96,0.058,0.00092452
2022-02-14 13:50:00,"b2","w","interspace","1","moss","east","NA",2022-02-14,13,19.19,0.031,0.00049414
2022-02-14 14:00:00,"b2","w","interspace","1","moss","east","NA",2022-02-14,14,18.69,0.004,6.376e-05
2022-02-14 14:10:00,"b2","w","interspace","1","moss","east","NA",2022-02-14,14,18.4,0,0
2022-02-14 14:20:00,"b2","w","interspace","1","moss","east","NA",2022-02-14,14,18.96,0,0
2022-02-14 14:30:00,"b2","w","interspace","1","moss","east","NA",2022-02-14,14,18.19,0,0
2022-02-14 14:40:00,"b2","w","interspace","1","moss","east","NA",2022-02-14,14,17.95,0,0
2022-02-14 14:50:00,"b2","w","interspace","1","moss","east","NA",2022-02-14,14,17.64,0,0
2022-02-13 10:00:00,"b2","lw","interspace","3","lc","east","NA",2022-02-13,10,7.091,0,0
2022-02-13 10:10:00,"b2","lw","interspace","3","lc","east","NA",2022-02-13,10,9.74,0,0
2022-02-13 10:20:00,"b2","lw","interspace","3","lc","east","NA",2022-02-13,10,11.5,0,0
2022-02-13 10:30:00,"b2","lw","interspace","3","lc","east","NA",2022-02-13,10,12.9,0,0
2022-02-13 10:40:00,"b2","lw","interspace","3","lc","east","NA",2022-02-13,10,14.3,0,0
2022-02-13 10:50:00,"b2","lw","interspace","3","lc","east","NA",2022-02-13,10,15.79,0,0
2022-02-13 11:00:00,"b2","lw","interspace","3","lc","east","NA",2022-02-13,11,17.17,0,0
2022-02-13 11:10:00,"b2","lw","interspace","3","lc","east","NA",2022-02-13,11,18.52,0,0
2022-02-13 11:20:00,"b2","lw","interspace","3","lc","east","NA",2022-02-13,11,19.63,0,0
2022-02-13 11:30:00,"b2","lw","interspace","3","lc","east","NA",2022-02-13,11,20.77,0,0
2022-02-13 11:40:00,"b2","lw","interspace","3","lc","east","NA",2022-02-13,11,21.65,0,0
2022-02-13 11:50:00,"b2","lw","interspace","3","lc","east","NA",2022-02-13,11,22.83,0,0
2022-02-13 12:00:00,"b2","lw","interspace","3","lc","east","NA",2022-02-13,12,23.93,0,0
2022-02-13 12:10:00,"b2","lw","interspace","3","lc","east","NA",2022-02-13,12,24.75,0,0
2022-02-13 12:20:00,"b2","lw","interspace","3","lc","east","NA",2022-02-13,12,25.37,0,0
2022-02-13 12:30:00,"b2","lw","interspace","3","lc","east","NA",2022-02-13,12,24.5,0,0
2022-02-13 12:40:00,"b2","lw","interspace","3","lc","east","NA",2022-02-13,12,24.47,0,0
2022-02-13 12:50:00,"b2","lw","interspace","3","lc","east","NA",2022-02-13,12,26.34,0,0
2022-02-13 13:00:00,"b2","lw","interspace","3","lc","east","NA",2022-02-13,13,27.45,0.129,0.00205626
2022-02-13 13:10:00,"b2","lw","interspace","3","lc","east","NA",2022-02-13,13,27.78,0.176,0.00280544
2022-02-13 13:20:00,"b2","lw","interspace","3","lc","east","NA",2022-02-13,13,28.31,0.176,0.00280544
2022-02-13 13:30:00,"b2","lw","interspace","3","lc","east","NA",2022-02-13,13,28.7,0.139,0.00221566
2022-02-13 13:40:00,"b2","lw","interspace","3","lc","east","NA",2022-02-13,13,29.04,0.058,0.00092452
2022-02-13 13:50:00,"b2","lw","interspace","3","lc","east","NA",2022-02-13,13,29.38,0.058,0.00092452
2022-02-13 14:00:00,"b2","lw","interspace","3","lc","east","NA",2022-02-13,14,29.41,0.058,0.00092452
2022-02-13 14:10:00,"b2","lw","interspace","3","lc","east","NA",2022-02-13,14,29.49,0.031,0.00049414
2022-02-13 14:20:00,"b2","lw","interspace","3","lc","east","NA",2022-02-13,14,29.45,0,0
2022-02-13 14:30:00,"b2","lw","interspace","3","lc","east","NA",2022-02-13,14,29.18,0,0
2022-02-13 14:40:00,"b2","lw","interspace","3","lc","east","NA",2022-02-13,14,29.09,0,0
2022-02-13 14:50:00,"b2","lw","interspace","3","lc","east","NA",2022-02-13,14,28.44,0,0
2022-02-14 10:00:00,"b2","lw","interspace","3","lc","east","NA",2022-02-14,10,7.916,0,0
2022-02-14 10:10:00,"b2","lw","interspace","3","lc","east","NA",2022-02-14,10,10.21,0,0
2022-02-14 10:20:00,"b2","lw","interspace","3","lc","east","NA",2022-02-14,10,12.07,0,0
2022-02-14 10:30:00,"b2","lw","interspace","3","lc","east","NA",2022-02-14,10,13.69,0,0
2022-02-14 10:40:00,"b2","lw","interspace","3","lc","east","NA",2022-02-14,10,15.04,0,0
2022-02-14 10:50:00,"b2","lw","interspace","3","lc","east","NA",2022-02-14,10,16.4,0,0
2022-02-14 11:00:00,"b2","lw","interspace","3","lc","east","NA",2022-02-14,11,17.95,0,0
2022-02-14 11:10:00,"b2","lw","interspace","3","lc","east","NA",2022-02-14,11,19.4,0,0
2022-02-14 11:20:00,"b2","lw","interspace","3","lc","east","NA",2022-02-14,11,20.5,0,0
2022-02-14 11:30:00,"b2","lw","interspace","3","lc","east","NA",2022-02-14,11,21.76,0,0
2022-02-14 11:40:00,"b2","lw","interspace","3","lc","east","NA",2022-02-14,11,22.83,0,0
2022-02-14 11:50:00,"b2","lw","interspace","3","lc","east","NA",2022-02-14,11,23.73,0,0
2022-02-14 12:00:00,"b2","lw","interspace","3","lc","east","NA",2022-02-14,12,24.54,0,0
2022-02-14 12:10:00,"b2","lw","interspace","3","lc","east","NA",2022-02-14,12,25.51,0,0
2022-02-14 12:20:00,"b2","lw","interspace","3","lc","east","NA",2022-02-14,12,26.43,0,0
2022-02-14 12:30:00,"b2","lw","interspace","3","lc","east","NA",2022-02-14,12,25.93,0,0
2022-02-14 12:40:00,"b2","lw","interspace","3","lc","east","NA",2022-02-14,12,25.89,0.062,0.00098828
2022-02-14 12:50:00,"b2","lw","interspace","3","lc","east","NA",2022-02-14,12,27.45,0.145,0.0023113
2022-02-14 13:00:00,"b2","lw","interspace","3","lc","east","NA",2022-02-14,13,28.38,0.184,0.00293296
2022-02-14 13:10:00,"b2","lw","interspace","3","lc","east","NA",2022-02-14,13,28.69,0.178,0.00283732
2022-02-14 13:20:00,"b2","lw","interspace","3","lc","east","NA",2022-02-14,13,29.12,0.139,0.00221566
2022-02-14 13:30:00,"b2","lw","interspace","3","lc","east","NA",2022-02-14,13,29.55,0.072,0.00114768
2022-02-14 13:40:00,"b2","lw","interspace","3","lc","east","NA",2022-02-14,13,29.89,0.058,0.00092452
2022-02-14 13:50:00,"b2","lw","interspace","3","lc","east","NA",2022-02-14,13,29.75,0,0
2022-02-14 14:00:00,"b2","lw","interspace","3","lc","east","NA",2022-02-14,14,28.94,0,0
2022-02-14 14:10:00,"b2","lw","interspace","3","lc","east","NA",2022-02-14,14,27.64,0,0
2022-02-14 14:20:00,"b2","lw","interspace","3","lc","east","NA",2022-02-14,14,27.2,0,0
2022-02-14 14:30:00,"b2","lw","interspace","3","lc","east","NA",2022-02-14,14,26.3,0,0
2022-02-14 14:40:00,"b2","lw","interspace","3","lc","east","NA",2022-02-14,14,25.64,0,0
2022-02-14 14:50:00,"b2","lw","interspace","3","lc","east","NA",2022-02-14,14,26.11,0,0
2022-02-13 10:00:00,"b2","c","interspace","1","moss","east","NA",2022-02-13,10,0.354,0,0
2022-02-13 10:10:00,"b2","c","interspace","1","moss","east","NA",2022-02-13,10,3.85,0,0
2022-02-13 10:20:00,"b2","c","interspace","1","moss","east","NA",2022-02-13,10,6.14,0,0
2022-02-13 10:30:00,"b2","c","interspace","1","moss","east","NA",2022-02-13,10,7.798,0,0
2022-02-13 10:40:00,"b2","c","interspace","1","moss","east","NA",2022-02-13,10,9.31,0,0
2022-02-13 10:50:00,"b2","c","interspace","1","moss","east","NA",2022-02-13,10,10.81,0,0
2022-02-13 11:00:00,"b2","c","interspace","1","moss","east","NA",2022-02-13,11,11.95,0,0
2022-02-13 11:10:00,"b2","c","interspace","1","moss","east","NA",2022-02-13,11,12.87,0,0
2022-02-13 11:20:00,"b2","c","interspace","1","moss","east","NA",2022-02-13,11,13.66,0,0
2022-02-13 11:30:00,"b2","c","interspace","1","moss","east","NA",2022-02-13,11,14.78,0,0
2022-02-13 11:40:00,"b2","c","interspace","1","moss","east","NA",2022-02-13,11,15.63,0,0
2022-02-13 11:50:00,"b2","c","interspace","1","moss","east","NA",2022-02-13,11,16.78,0,0
2022-02-13 12:00:00,"b2","c","interspace","1","moss","east","NA",2022-02-13,12,17.76,0,0
2022-02-13 12:10:00,"b2","c","interspace","1","moss","east","NA",2022-02-13,12,18.16,0,0
2022-02-13 12:20:00,"b2","c","interspace","1","moss","east","NA",2022-02-13,12,18.69,0,0
2022-02-13 12:30:00,"b2","c","interspace","1","moss","east","NA",2022-02-13,12,19.4,0,0
2022-02-13 12:40:00,"b2","c","interspace","1","moss","east","NA",2022-02-13,12,19.98,0,0
2022-02-13 12:50:00,"b2","c","interspace","1","moss","east","NA",2022-02-13,12,20.35,0,0
2022-02-13 13:00:00,"b2","c","interspace","1","moss","east","NA",2022-02-13,13,20.72,0.129,0.00205626
2022-02-13 13:10:00,"b2","c","interspace","1","moss","east","NA",2022-02-13,13,20.58,0.162,0.00258228
2022-02-13 13:20:00,"b2","c","interspace","1","moss","east","NA",2022-02-13,13,20.9,0.176,0.00280544
2022-02-13 13:30:00,"b2","c","interspace","1","moss","east","NA",2022-02-13,13,20.95,0.139,0.00221566
2022-02-13 13:40:00,"b2","c","interspace","1","moss","east","NA",2022-02-13,13,21.14,0.072,0.00114768
2022-02-13 13:50:00,"b2","c","interspace","1","moss","east","NA",2022-02-13,13,20.03,0.045,0.0007173
2022-02-13 14:00:00,"b2","c","interspace","1","moss","east","NA",2022-02-13,14,20.78,0.058,0.00092452
2022-02-13 14:10:00,"b2","c","interspace","1","moss","east","NA",2022-02-13,14,21.09,0.031,0.00049414
2022-02-13 14:20:00,"b2","c","interspace","1","moss","east","NA",2022-02-13,14,21.2,0,0
2022-02-13 14:30:00,"b2","c","interspace","1","moss","east","NA",2022-02-13,14,20.99,0,0
2022-02-13 14:40:00,"b2","c","interspace","1","moss","east","NA",2022-02-13,14,20.83,0,0
2022-02-13 14:50:00,"b2","c","interspace","1","moss","east","NA",2022-02-13,14,20.4,0,0
2022-02-14 10:00:00,"b2","c","interspace","1","moss","east","NA",2022-02-14,10,0.913,0,0
2022-02-14 10:10:00,"b2","c","interspace","1","moss","east","NA",2022-02-14,10,4.287,0,0
2022-02-14 10:20:00,"b2","c","interspace","1","moss","east","NA",2022-02-14,10,6.556,0,0
2022-02-14 10:30:00,"b2","c","interspace","1","moss","east","NA",2022-02-14,10,8.39,0,0
2022-02-14 10:40:00,"b2","c","interspace","1","moss","east","NA",2022-02-14,10,9.96,0,0
2022-02-14 10:50:00,"b2","c","interspace","1","moss","east","NA",2022-02-14,10,11.34,0,0
2022-02-14 11:00:00,"b2","c","interspace","1","moss","east","NA",2022-02-14,11,12.78,0,0
2022-02-14 11:10:00,"b2","c","interspace","1","moss","east","NA",2022-02-14,11,13.79,0,0
2022-02-14 11:20:00,"b2","c","interspace","1","moss","east","NA",2022-02-14,11,14.97,0,0
2022-02-14 11:30:00,"b2","c","interspace","1","moss","east","NA",2022-02-14,11,16,0,0
2022-02-14 11:40:00,"b2","c","interspace","1","moss","east","NA",2022-02-14,11,17,0,0
2022-02-14 11:50:00,"b2","c","interspace","1","moss","east","NA",2022-02-14,11,17.66,0,0
2022-02-14 12:00:00,"b2","c","interspace","1","moss","east","NA",2022-02-14,12,18.2,0,0
2022-02-14 12:10:00,"b2","c","interspace","1","moss","east","NA",2022-02-14,12,19.04,0,0
2022-02-14 12:20:00,"b2","c","interspace","1","moss","east","NA",2022-02-14,12,19.91,0,0
2022-02-14 12:30:00,"b2","c","interspace","1","moss","east","NA",2022-02-14,12,20.49,0,0
2022-02-14 12:40:00,"b2","c","interspace","1","moss","east","NA",2022-02-14,12,21.04,0.062,0.00098828
2022-02-14 12:50:00,"b2","c","interspace","1","moss","east","NA",2022-02-14,12,21.36,0.158,0.00251852
2022-02-14 13:00:00,"b2","c","interspace","1","moss","east","NA",2022-02-14,13,21.67,0.171,0.00272574
2022-02-14 13:10:00,"b2","c","interspace","1","moss","east","NA",2022-02-14,13,21.83,0.178,0.00283732
2022-02-14 13:20:00,"b2","c","interspace","1","moss","east","NA",2022-02-14,13,21.85,0.126,0.00200844
2022-02-14 13:30:00,"b2","c","interspace","1","moss","east","NA",2022-02-14,13,22.03,0.072,0.00114768
2022-02-14 13:40:00,"b2","c","interspace","1","moss","east","NA",2022-02-14,13,22.39,0.045,0.0007173
2022-02-14 13:50:00,"b2","c","interspace","1","moss","east","NA",2022-02-14,13,21.73,0.058,0.00092452
2022-02-14 14:00:00,"b2","c","interspace","1","moss","east","NA",2022-02-14,14,21.89,0,0
2022-02-14 14:10:00,"b2","c","interspace","1","moss","east","NA",2022-02-14,14,21.28,0,0
2022-02-14 14:20:00,"b2","c","interspace","1","moss","east","NA",2022-02-14,14,21.16,0,0
2022-02-14 14:30:00,"b2","c","interspace","1","moss","east","NA",2022-02-14,14,20.63,0,0
2022-02-14 14:40:00,"b2","c","interspace","1","moss","east","NA",2022-02-14,14,20.24,0,0
2022-02-14 14:50:00,"b2","c","interspace","1","moss","east","NA",2022-02-14,14,20.75,0,0
2022-02-13 10:00:00,"b2","l","interspace","3","lc","east","NA",2022-02-13,10,1.541,0,0
2022-02-13 10:10:00,"b2","l","interspace","3","lc","east","NA",2022-02-13,10,4.383,0,0
2022-02-13 10:20:00,"b2","l","interspace","3","lc","east","NA",2022-02-13,10,6.53,0,0
2022-02-13 10:30:00,"b2","l","interspace","3","lc","east","NA",2022-02-13,10,8.26,0,0
2022-02-13 10:40:00,"b2","l","interspace","3","lc","east","NA",2022-02-13,10,9.95,0,0
2022-02-13 10:50:00,"b2","l","interspace","3","lc","east","NA",2022-02-13,10,11.71,0,0
2022-02-13 11:00:00,"b2","l","interspace","3","lc","east","NA",2022-02-13,11,13.17,0,0
2022-02-13 11:10:00,"b2","l","interspace","3","lc","east","NA",2022-02-13,11,14.54,0,0
2022-02-13 11:20:00,"b2","l","interspace","3","lc","east","NA",2022-02-13,11,15.74,0,0
2022-02-13 11:30:00,"b2","l","interspace","3","lc","east","NA",2022-02-13,11,16.93,0,0
2022-02-13 11:40:00,"b2","l","interspace","3","lc","east","NA",2022-02-13,11,16.59,0,0
2022-02-13 11:50:00,"b2","l","interspace","3","lc","east","NA",2022-02-13,11,17.35,0,0
2022-02-13 12:00:00,"b2","l","interspace","3","lc","east","NA",2022-02-13,12,19.36,0,0
2022-02-13 12:10:00,"b2","l","interspace","3","lc","east","NA",2022-02-13,12,20.59,0,0
2022-02-13 12:20:00,"b2","l","interspace","3","lc","east","NA",2022-02-13,12,21.43,0,0
2022-02-13 12:30:00,"b2","l","interspace","3","lc","east","NA",2022-02-13,12,22.22,0,0
2022-02-13 12:40:00,"b2","l","interspace","3","lc","east","NA",2022-02-13,12,23.25,0,0
2022-02-13 12:50:00,"b2","l","interspace","3","lc","east","NA",2022-02-13,12,23.98,0,0
2022-02-13 13:00:00,"b2","l","interspace","3","lc","east","NA",2022-02-13,13,24.52,0.129,0.00205626
2022-02-13 13:10:00,"b2","l","interspace","3","lc","east","NA",2022-02-13,13,24.75,0.162,0.00258228
2022-02-13 13:20:00,"b2","l","interspace","3","lc","east","NA",2022-02-13,13,25.23,0.162,0.00258228
2022-02-13 13:30:00,"b2","l","interspace","3","lc","east","NA",2022-02-13,13,25.63,0.125,0.0019925
2022-02-13 13:40:00,"b2","l","interspace","3","lc","east","NA",2022-02-13,13,25.92,0.072,0.00114768
2022-02-13 13:50:00,"b2","l","interspace","3","lc","east","NA",2022-02-13,13,26.33,0.058,0.00092452
2022-02-13 14:00:00,"b2","l","interspace","3","lc","east","NA",2022-02-13,14,26.38,0.058,0.00092452
2022-02-13 14:10:00,"b2","l","interspace","3","lc","east","NA",2022-02-13,14,26.53,0.045,0.0007173
2022-02-13 14:20:00,"b2","l","interspace","3","lc","east","NA",2022-02-13,14,26.48,0,0
2022-02-13 14:30:00,"b2","l","interspace","3","lc","east","NA",2022-02-13,14,26.33,0,0
2022-02-13 14:40:00,"b2","l","interspace","3","lc","east","NA",2022-02-13,14,26.23,0,0
2022-02-13 14:50:00,"b2","l","interspace","3","lc","east","NA",2022-02-13,14,25.69,0,0
2022-02-14 10:00:00,"b2","l","interspace","3","lc","east","NA",2022-02-14,10,1.379,0,0
2022-02-14 10:10:00,"b2","l","interspace","3","lc","east","NA",2022-02-14,10,4.246,0,0
2022-02-14 10:20:00,"b2","l","interspace","3","lc","east","NA",2022-02-14,10,6.535,0,0
2022-02-14 10:30:00,"b2","l","interspace","3","lc","east","NA",2022-02-14,10,8.55,0,0
2022-02-14 10:40:00,"b2","l","interspace","3","lc","east","NA",2022-02-14,10,10.31,0,0
2022-02-14 10:50:00,"b2","l","interspace","3","lc","east","NA",2022-02-14,10,11.96,0,0
2022-02-14 11:00:00,"b2","l","interspace","3","lc","east","NA",2022-02-14,11,13.63,0,0
2022-02-14 11:10:00,"b2","l","interspace","3","lc","east","NA",2022-02-14,11,15.12,0,0
2022-02-14 11:20:00,"b2","l","interspace","3","lc","east","NA",2022-02-14,11,16.42,0,0
2022-02-14 11:30:00,"b2","l","interspace","3","lc","east","NA",2022-02-14,11,17.63,0,0
2022-02-14 11:40:00,"b2","l","interspace","3","lc","east","NA",2022-02-14,11,17.64,0,0
2022-02-14 11:50:00,"b2","l","interspace","3","lc","east","NA",2022-02-14,11,18.07,0,0
2022-02-14 12:00:00,"b2","l","interspace","3","lc","east","NA",2022-02-14,12,19.85,0,0
2022-02-14 12:10:00,"b2","l","interspace","3","lc","east","NA",2022-02-14,12,21.19,0,0
2022-02-14 12:20:00,"b2","l","interspace","3","lc","east","NA",2022-02-14,12,22.29,0,0
2022-02-14 12:30:00,"b2","l","interspace","3","lc","east","NA",2022-02-14,12,23.22,0,0
2022-02-14 12:40:00,"b2","l","interspace","3","lc","east","NA",2022-02-14,12,23.99,0.062,0.00098828
2022-02-14 12:50:00,"b2","l","interspace","3","lc","east","NA",2022-02-14,12,24.71,0.158,0.00251852
2022-02-14 13:00:00,"b2","l","interspace","3","lc","east","NA",2022-02-14,13,25.27,0.184,0.00293296
2022-02-14 13:10:00,"b2","l","interspace","3","lc","east","NA",2022-02-14,13,25.55,0.192,0.00306048
2022-02-14 13:20:00,"b2","l","interspace","3","lc","east","NA",2022-02-14,13,26.01,0.112,0.00178528
2022-02-14 13:30:00,"b2","l","interspace","3","lc","east","NA",2022-02-14,13,26.41,0.058,0.00092452
2022-02-14 13:40:00,"b2","l","interspace","3","lc","east","NA",2022-02-14,13,26.81,0.058,0.00092452
2022-02-14 13:50:00,"b2","l","interspace","3","lc","east","NA",2022-02-14,13,26.64,0.058,0.00092452
2022-02-14 14:00:00,"b2","l","interspace","3","lc","east","NA",2022-02-14,14,25.92,0.004,6.376e-05
2022-02-14 14:10:00,"b2","l","interspace","3","lc","east","NA",2022-02-14,14,24.77,0,0
2022-02-14 14:20:00,"b2","l","interspace","3","lc","east","NA",2022-02-14,14,24.52,0,0
2022-02-14 14:30:00,"b2","l","interspace","3","lc","east","NA",2022-02-14,14,23.78,0,0
2022-02-14 14:40:00,"b2","l","interspace","3","lc","east","NA",2022-02-14,14,23.28,0,0
2022-02-14 14:50:00,"b2","l","interspace","3","lc","east","NA",2022-02-14,14,24.04,0,0
2022-02-13 10:00:00,"b3","w","interspace","3","dc","southeast","NA",2022-02-13,10,-2.888,0,0
2022-02-13 10:10:00,"b3","w","interspace","3","dc","southeast","NA",2022-02-13,10,-1.807,0,0
2022-02-13 10:20:00,"b3","w","interspace","3","dc","southeast","NA",2022-02-13,10,-1.019,0,0
2022-02-13 10:30:00,"b3","w","interspace","3","dc","southeast","NA",2022-02-13,10,-0.121,0,0
2022-02-13 10:40:00,"b3","w","interspace","3","dc","southeast","NA",2022-02-13,10,1.017,0,0
2022-02-13 10:50:00,"b3","w","interspace","3","dc","southeast","NA",2022-02-13,10,2.133,0,0
2022-02-13 11:00:00,"b3","w","interspace","3","dc","southeast","NA",2022-02-13,11,3.428,0,0
2022-02-13 11:10:00,"b3","w","interspace","3","dc","southeast","NA",2022-02-13,11,4.666,0,0
2022-02-13 11:20:00,"b3","w","interspace","3","dc","southeast","NA",2022-02-13,11,5.89,0,0
2022-02-13 11:30:00,"b3","w","interspace","3","dc","southeast","NA",2022-02-13,11,7.238,0,0
2022-02-13 11:40:00,"b3","w","interspace","3","dc","southeast","NA",2022-02-13,11,8.71,0,0
2022-02-13 11:50:00,"b3","w","interspace","3","dc","southeast","NA",2022-02-13,11,10.27,0,0
2022-02-13 12:00:00,"b3","w","interspace","3","dc","southeast","NA",2022-02-13,12,11.72,0,0
2022-02-13 12:10:00,"b3","w","interspace","3","dc","southeast","NA",2022-02-13,12,13.08,0,0
2022-02-13 12:20:00,"b3","w","interspace","3","dc","southeast","NA",2022-02-13,12,13.36,0,0
2022-02-13 12:30:00,"b3","w","interspace","3","dc","southeast","NA",2022-02-13,12,15.55,0,0
2022-02-13 12:40:00,"b3","w","interspace","3","dc","southeast","NA",2022-02-13,12,16.91,0,0
2022-02-13 12:50:00,"b3","w","interspace","3","dc","southeast","NA",2022-02-13,12,17.35,0,0
2022-02-13 13:00:00,"b3","w","interspace","3","dc","southeast","NA",2022-02-13,13,18.62,0.129,0.00205626
2022-02-13 13:10:00,"b3","w","interspace","3","dc","southeast","NA",2022-02-13,13,18.85,0.162,0.00258228
2022-02-13 13:20:00,"b3","w","interspace","3","dc","southeast","NA",2022-02-13,13,19.62,0.176,0.00280544
2022-02-13 13:30:00,"b3","w","interspace","3","dc","southeast","NA",2022-02-13,13,20.23,0.125,0.0019925
2022-02-13 13:40:00,"b3","w","interspace","3","dc","southeast","NA",2022-02-13,13,21.09,0.072,0.00114768
2022-02-13 13:50:00,"b3","w","interspace","3","dc","southeast","NA",2022-02-13,13,21.81,0.058,0.00092452
2022-02-13 14:00:00,"b3","w","interspace","3","dc","southeast","NA",2022-02-13,14,22.11,0.058,0.00092452
2022-02-13 14:10:00,"b3","w","interspace","3","dc","southeast","NA",2022-02-13,14,22.3,0.045,0.0007173
2022-02-13 14:20:00,"b3","w","interspace","3","dc","southeast","NA",2022-02-13,14,23.89,0,0
2022-02-13 14:30:00,"b3","w","interspace","3","dc","southeast","NA",2022-02-13,14,23.32,0,0
2022-02-13 14:40:00,"b3","w","interspace","3","dc","southeast","NA",2022-02-13,14,22.59,0,0
2022-02-13 14:50:00,"b3","w","interspace","3","dc","southeast","NA",2022-02-13,14,22.44,0,0
2022-02-14 10:00:00,"b3","w","interspace","3","dc","southeast","NA",2022-02-14,10,-2.726,0,0
2022-02-14 10:10:00,"b3","w","interspace","3","dc","southeast","NA",2022-02-14,10,-1.521,0,0
2022-02-14 10:20:00,"b3","w","interspace","3","dc","southeast","NA",2022-02-14,10,-0.656,0,0
2022-02-14 10:30:00,"b3","w","interspace","3","dc","southeast","NA",2022-02-14,10,0.184,0,0
2022-02-14 10:40:00,"b3","w","interspace","3","dc","southeast","NA",2022-02-14,10,1.413,0,0
2022-02-14 10:50:00,"b3","w","interspace","3","dc","southeast","NA",2022-02-14,10,2.722,0,0
2022-02-14 11:00:00,"b3","w","interspace","3","dc","southeast","NA",2022-02-14,11,4.087,0,0
2022-02-14 11:10:00,"b3","w","interspace","3","dc","southeast","NA",2022-02-14,11,5.433,0,0
2022-02-14 11:20:00,"b3","w","interspace","3","dc","southeast","NA",2022-02-14,11,6.753,0,0
2022-02-14 11:30:00,"b3","w","interspace","3","dc","southeast","NA",2022-02-14,11,8.01,0,0
2022-02-14 11:40:00,"b3","w","interspace","3","dc","southeast","NA",2022-02-14,11,10.03,0,0
2022-02-14 11:50:00,"b3","w","interspace","3","dc","southeast","NA",2022-02-14,11,11.47,0,0
2022-02-14 12:00:00,"b3","w","interspace","3","dc","southeast","NA",2022-02-14,12,12.52,0,0
2022-02-14 12:10:00,"b3","w","interspace","3","dc","southeast","NA",2022-02-14,12,13.94,0,0
2022-02-14 12:20:00,"b3","w","interspace","3","dc","southeast","NA",2022-02-14,12,13.78,0,0
2022-02-14 12:30:00,"b3","w","interspace","3","dc","southeast","NA",2022-02-14,12,15.26,0,0
2022-02-14 12:40:00,"b3","w","interspace","3","dc","southeast","NA",2022-02-14,12,16.86,0.062,0.00098828
2022-02-14 12:50:00,"b3","w","interspace","3","dc","southeast","NA",2022-02-14,12,17.7,0.158,0.00251852
2022-02-14 13:00:00,"b3","w","interspace","3","dc","southeast","NA",2022-02-14,13,18.96,0.184,0.00293296
2022-02-14 13:10:00,"b3","w","interspace","3","dc","southeast","NA",2022-02-14,13,19.83,0.178,0.00283732
2022-02-14 13:20:00,"b3","w","interspace","3","dc","southeast","NA",2022-02-14,13,20.52,0.126,0.00200844
2022-02-14 13:30:00,"b3","w","interspace","3","dc","southeast","NA",2022-02-14,13,21.22,0.058,0.00092452
2022-02-14 13:40:00,"b3","w","interspace","3","dc","southeast","NA",2022-02-14,13,21.82,0.058,0.00092452
2022-02-14 13:50:00,"b3","w","interspace","3","dc","southeast","NA",2022-02-14,13,22.01,0.045,0.0007173
2022-02-14 14:00:00,"b3","w","interspace","3","dc","southeast","NA",2022-02-14,14,22.3,0.004,6.376e-05
2022-02-14 14:10:00,"b3","w","interspace","3","dc","southeast","NA",2022-02-14,14,21.83,0,0
2022-02-14 14:20:00,"b3","w","interspace","3","dc","southeast","NA",2022-02-14,14,22.51,0,0
2022-02-14 14:30:00,"b3","w","interspace","3","dc","southeast","NA",2022-02-14,14,22.44,0,0
2022-02-14 14:40:00,"b3","w","interspace","3","dc","southeast","NA",2022-02-14,14,21.92,0,0
2022-02-14 14:50:00,"b3","w","interspace","3","dc","southeast","NA",2022-02-14,14,22.56,0,0
2022-02-13 10:00:00,"b3","lw","interspace","3","lc","east","NA",2022-02-13,10,6.007,0,0
2022-02-13 10:10:00,"b3","lw","interspace","3","lc","east","NA",2022-02-13,10,6.913,0,0
2022-02-13 10:20:00,"b3","lw","interspace","3","lc","east","NA",2022-02-13,10,8.34,0,0
2022-02-13 10:30:00,"b3","lw","interspace","3","lc","east","NA",2022-02-13,10,9.9,0,0
2022-02-13 10:40:00,"b3","lw","interspace","3","lc","east","NA",2022-02-13,10,11.71,0,0
2022-02-13 10:50:00,"b3","lw","interspace","3","lc","east","NA",2022-02-13,10,13.47,0,0
2022-02-13 11:00:00,"b3","lw","interspace","3","lc","east","NA",2022-02-13,11,15.04,0,0
2022-02-13 11:10:00,"b3","lw","interspace","3","lc","east","NA",2022-02-13,11,16.61,0,0
2022-02-13 11:20:00,"b3","lw","interspace","3","lc","east","NA",2022-02-13,11,17.99,0,0
2022-02-13 11:30:00,"b3","lw","interspace","3","lc","east","NA",2022-02-13,11,19.44,0,0
2022-02-13 11:40:00,"b3","lw","interspace","3","lc","east","NA",2022-02-13,11,20.46,0,0
2022-02-13 11:50:00,"b3","lw","interspace","3","lc","east","NA",2022-02-13,11,21.56,0,0
2022-02-13 12:00:00,"b3","lw","interspace","3","lc","east","NA",2022-02-13,12,21.07,0,0
2022-02-13 12:10:00,"b3","lw","interspace","3","lc","east","NA",2022-02-13,12,20.77,0,0
2022-02-13 12:20:00,"b3","lw","interspace","3","lc","east","NA",2022-02-13,12,23.19,0,0
2022-02-13 12:30:00,"b3","lw","interspace","3","lc","east","NA",2022-02-13,12,24.4,0,0
2022-02-13 12:40:00,"b3","lw","interspace","3","lc","east","NA",2022-02-13,12,25.41,0,0
2022-02-13 12:50:00,"b3","lw","interspace","3","lc","east","NA",2022-02-13,12,26.2,0,0
2022-02-13 13:00:00,"b3","lw","interspace","3","lc","east","NA",2022-02-13,13,26.91,0.129,0.00205626
2022-02-13 13:10:00,"b3","lw","interspace","3","lc","east","NA",2022-02-13,13,27.21,0.162,0.00258228
2022-02-13 13:20:00,"b3","lw","interspace","3","lc","east","NA",2022-02-13,13,27.93,0.176,0.00280544
2022-02-13 13:30:00,"b3","lw","interspace","3","lc","east","NA",2022-02-13,13,28.24,0.112,0.00178528
2022-02-13 13:40:00,"b3","lw","interspace","3","lc","east","NA",2022-02-13,13,28.58,0.072,0.00114768
2022-02-13 13:50:00,"b3","lw","interspace","3","lc","east","NA",2022-02-13,13,28.99,0.072,0.00114768
2022-02-13 14:00:00,"b3","lw","interspace","3","lc","east","NA",2022-02-13,14,29.1,0.058,0.00092452
2022-02-13 14:10:00,"b3","lw","interspace","3","lc","east","NA",2022-02-13,14,29.26,0.058,0.00092452
2022-02-13 14:20:00,"b3","lw","interspace","3","lc","east","NA",2022-02-13,14,29.33,0,0
2022-02-13 14:30:00,"b3","lw","interspace","3","lc","east","NA",2022-02-13,14,29.44,0,0
2022-02-13 14:40:00,"b3","lw","interspace","3","lc","east","NA",2022-02-13,14,29.06,0,0
2022-02-13 14:50:00,"b3","lw","interspace","3","lc","east","NA",2022-02-13,14,28.68,0,0
2022-02-14 10:00:00,"b3","lw","interspace","3","lc","east","NA",2022-02-14,10,4.351,0,0
2022-02-14 10:10:00,"b3","lw","interspace","3","lc","east","NA",2022-02-14,10,6.314,0,0
2022-02-14 10:20:00,"b3","lw","interspace","3","lc","east","NA",2022-02-14,10,8.21,0,0
2022-02-14 10:30:00,"b3","lw","interspace","3","lc","east","NA",2022-02-14,10,9.97,0,0
2022-02-14 10:40:00,"b3","lw","interspace","3","lc","east","NA",2022-02-14,10,11.81,0,0
2022-02-14 10:50:00,"b3","lw","interspace","3","lc","east","NA",2022-02-14,10,13.74,0,0
2022-02-14 11:00:00,"b3","lw","interspace","3","lc","east","NA",2022-02-14,11,15.45,0,0
2022-02-14 11:10:00,"b3","lw","interspace","3","lc","east","NA",2022-02-14,11,16.96,0,0
2022-02-14 11:20:00,"b3","lw","interspace","3","lc","east","NA",2022-02-14,11,18.48,0,0
2022-02-14 11:30:00,"b3","lw","interspace","3","lc","east","NA",2022-02-14,11,19.85,0,0
2022-02-14 11:40:00,"b3","lw","interspace","3","lc","east","NA",2022-02-14,11,21.07,0,0
2022-02-14 11:50:00,"b3","lw","interspace","3","lc","east","NA",2022-02-14,11,22.01,0,0
2022-02-14 12:00:00,"b3","lw","interspace","3","lc","east","NA",2022-02-14,12,21.83,0,0
2022-02-14 12:10:00,"b3","lw","interspace","3","lc","east","NA",2022-02-14,12,21.41,0,0
2022-02-14 12:20:00,"b3","lw","interspace","3","lc","east","NA",2022-02-14,12,24.04,0,0
2022-02-14 12:30:00,"b3","lw","interspace","3","lc","east","NA",2022-02-14,12,25.3,0,0
2022-02-14 12:40:00,"b3","lw","interspace","3","lc","east","NA",2022-02-14,12,26.37,0.062,0.00098828
2022-02-14 12:50:00,"b3","lw","interspace","3","lc","east","NA",2022-02-14,12,27.25,0.158,0.00251852
2022-02-14 13:00:00,"b3","lw","interspace","3","lc","east","NA",2022-02-14,13,27.79,0.184,0.00293296
2022-02-14 13:10:00,"b3","lw","interspace","3","lc","east","NA",2022-02-14,13,28.23,0.192,0.00306048
2022-02-14 13:20:00,"b3","lw","interspace","3","lc","east","NA",2022-02-14,13,28.34,0.153,0.00243882
2022-02-14 13:30:00,"b3","lw","interspace","3","lc","east","NA",2022-02-14,13,28.92,0.058,0.00092452
2022-02-14 13:40:00,"b3","lw","interspace","3","lc","east","NA",2022-02-14,13,29.61,0.058,0.00092452
2022-02-14 13:50:00,"b3","lw","interspace","3","lc","east","NA",2022-02-14,13,29.24,0.017,0.00027098
2022-02-14 14:00:00,"b3","lw","interspace","3","lc","east","NA",2022-02-14,14,28.49,0,0
2022-02-14 14:10:00,"b3","lw","interspace","3","lc","east","NA",2022-02-14,14,27.06,0,0
2022-02-14 14:20:00,"b3","lw","interspace","3","lc","east","NA",2022-02-14,14,26.81,0,0
2022-02-14 14:30:00,"b3","lw","interspace","3","lc","east","NA",2022-02-14,14,26.04,0,0
2022-02-14 14:40:00,"b3","lw","interspace","3","lc","east","NA",2022-02-14,14,25.55,0,0
2022-02-14 14:50:00,"b3","lw","interspace","3","lc","east","NA",2022-02-14,14,26.48,0,0
2022-02-13 10:00:00,"b3","c","interspace","3","moss","east","NA",2022-02-13,10,-7.264,0,0
2022-02-13 10:10:00,"b3","c","interspace","3","moss","east","NA",2022-02-13,10,-7.16,0,0
2022-02-13 10:20:00,"b3","c","interspace","3","moss","east","NA",2022-02-13,10,-6.974,0,0
2022-02-13 10:30:00,"b3","c","interspace","3","moss","east","NA",2022-02-13,10,-5.152,0,0
2022-02-13 10:40:00,"b3","c","interspace","3","moss","east","NA",2022-02-13,10,1.543,0,0
2022-02-13 10:50:00,"b3","c","interspace","3","moss","east","NA",2022-02-13,10,5.692,0,0
2022-02-13 11:00:00,"b3","c","interspace","3","moss","east","NA",2022-02-13,11,8.38,0,0
2022-02-13 11:10:00,"b3","c","interspace","3","moss","east","NA",2022-02-13,11,10.19,0,0
2022-02-13 11:20:00,"b3","c","interspace","3","moss","east","NA",2022-02-13,11,11.97,0,0
2022-02-13 11:30:00,"b3","c","interspace","3","moss","east","NA",2022-02-13,11,13.77,0,0
2022-02-13 11:40:00,"b3","c","interspace","3","moss","east","NA",2022-02-13,11,15.3,0,0
2022-02-13 11:50:00,"b3","c","interspace","3","moss","east","NA",2022-02-13,11,17.08,0.072,0.00114768
2022-02-13 12:00:00,"b3","c","interspace","3","moss","east","NA",2022-02-13,12,18.05,0.036,0.00057384
2022-02-13 12:10:00,"b3","c","interspace","3","moss","east","NA",2022-02-13,12,19.25,0.012,0.00019128
2022-02-13 12:20:00,"b3","c","interspace","3","moss","east","NA",2022-02-13,12,20.42,0.03,0.0004782
2022-02-13 12:30:00,"b3","c","interspace","3","moss","east","NA",2022-02-13,12,21.47,0,0
2022-02-13 12:40:00,"b3","c","interspace","3","moss","east","NA",2022-02-13,12,22.75,0,0
2022-02-13 12:50:00,"b3","c","interspace","3","moss","east","NA",2022-02-13,12,23.73,0.018,0.00028692
2022-02-13 13:00:00,"b3","c","interspace","3","moss","east","NA",2022-02-13,13,24.34,0.039,0.00062166
2022-02-13 13:10:00,"b3","c","interspace","3","moss","east","NA",2022-02-13,13,23.62,0,0
2022-02-13 13:20:00,"b3","c","interspace","3","moss","east","NA",2022-02-13,13,23.76,0,0
2022-02-13 13:30:00,"b3","c","interspace","3","moss","east","NA",2022-02-13,13,25.81,0.019,0.00030286
2022-02-13 13:40:00,"b3","c","interspace","3","moss","east","NA",2022-02-13,13,26.53,0.02,0.0003188
2022-02-13 13:50:00,"b3","c","interspace","3","moss","east","NA",2022-02-13,13,27.35,0,0
2022-02-13 14:00:00,"b3","c","interspace","3","moss","east","NA",2022-02-13,14,28.34,0,0
2022-02-13 14:10:00,"b3","c","interspace","3","moss","east","NA",2022-02-13,14,28.46,0,0
2022-02-13 14:20:00,"b3","c","interspace","3","moss","east","NA",2022-02-13,14,28.61,0,0
2022-02-13 14:30:00,"b3","c","interspace","3","moss","east","NA",2022-02-13,14,28.9,0,0
2022-02-13 14:40:00,"b3","c","interspace","3","moss","east","NA",2022-02-13,14,28.6,0,0
2022-02-13 14:50:00,"b3","c","interspace","3","moss","east","NA",2022-02-13,14,29.04,0,0
2022-02-14 10:00:00,"b3","c","interspace","3","moss","east","NA",2022-02-14,10,-7.439,0,0
2022-02-14 10:10:00,"b3","c","interspace","3","moss","east","NA",2022-02-14,10,-7.184,0,0
2022-02-14 10:20:00,"b3","c","interspace","3","moss","east","NA",2022-02-14,10,-6.9,0,0
2022-02-14 10:30:00,"b3","c","interspace","3","moss","east","NA",2022-02-14,10,-4.732,0,0
2022-02-14 10:40:00,"b3","c","interspace","3","moss","east","NA",2022-02-14,10,1.774,0,0
2022-02-14 10:50:00,"b3","c","interspace","3","moss","east","NA",2022-02-14,10,5.572,0,0
2022-02-14 11:00:00,"b3","c","interspace","3","moss","east","NA",2022-02-14,11,8.53,0,0
2022-02-14 11:10:00,"b3","c","interspace","3","moss","east","NA",2022-02-14,11,10.81,0,0
2022-02-14 11:20:00,"b3","c","interspace","3","moss","east","NA",2022-02-14,11,12.69,0,0
2022-02-14 11:30:00,"b3","c","interspace","3","moss","east","NA",2022-02-14,11,14.3,0,0
2022-02-14 11:40:00,"b3","c","interspace","3","moss","east","NA",2022-02-14,11,16.26,0,0
2022-02-14 11:50:00,"b3","c","interspace","3","moss","east","NA",2022-02-14,11,17.8,0.07,0.0011158
2022-02-14 12:00:00,"b3","c","interspace","3","moss","east","NA",2022-02-14,12,19.05,0.03,0.0004782
2022-02-14 12:10:00,"b3","c","interspace","3","moss","east","NA",2022-02-14,12,20.78,0.027,0.00043038
2022-02-14 12:20:00,"b3","c","interspace","3","moss","east","NA",2022-02-14,12,21.85,0.017,0.00027098
2022-02-14 12:30:00,"b3","c","interspace","3","moss","east","NA",2022-02-14,12,23.03,0,0
2022-02-14 12:40:00,"b3","c","interspace","3","moss","east","NA",2022-02-14,12,23.59,0,0
2022-02-14 12:50:00,"b3","c","interspace","3","moss","east","NA",2022-02-14,12,24.5,0.017,0.00027098
2022-02-14 13:00:00,"b3","c","interspace","3","moss","east","NA",2022-02-14,13,25.52,0,0
2022-02-14 13:10:00,"b3","c","interspace","3","moss","east","NA",2022-02-14,13,24.93,0.007,0.00011158
2022-02-14 13:20:00,"b3","c","interspace","3","moss","east","NA",2022-02-14,13,25.31,0.04,0.0006376
2022-02-14 13:30:00,"b3","c","interspace","3","moss","east","NA",2022-02-14,13,27.54,0,0
2022-02-14 13:40:00,"b3","c","interspace","3","moss","east","NA",2022-02-14,13,28.48,0,0
2022-02-14 13:50:00,"b3","c","interspace","3","moss","east","NA",2022-02-14,13,28.69,0,0
2022-02-14 14:00:00,"b3","c","interspace","3","moss","east","NA",2022-02-14,14,28.97,0,0
2022-02-14 14:10:00,"b3","c","interspace","3","moss","east","NA",2022-02-14,14,29.41,0,0
2022-02-14 14:20:00,"b3","c","interspace","3","moss","east","NA",2022-02-14,14,30.07,0,0
2022-02-14 14:30:00,"b3","c","interspace","3","moss","east","NA",2022-02-14,14,29.94,0.008,0.00012752
2022-02-14 14:40:00,"b3","c","interspace","3","moss","east","NA",2022-02-14,14,28.91,0.009,0.00014346
2022-02-14 14:50:00,"b3","c","interspace","3","moss","east","NA",2022-02-14,14,27.81,0.061,0.00097234
2022-02-13 10:00:00,"b3","l","interspace","1","lc","east","NA",2022-02-13,10,0.534,0,0
2022-02-13 10:10:00,"b3","l","interspace","1","lc","east","NA",2022-02-13,10,1.135,0,0
2022-02-13 10:20:00,"b3","l","interspace","1","lc","east","NA",2022-02-13,10,0.321,0,0
2022-02-13 10:30:00,"b3","l","interspace","1","lc","east","NA",2022-02-13,10,0.97,0,0
2022-02-13 10:40:00,"b3","l","interspace","1","lc","east","NA",2022-02-13,10,8.27,0,0
2022-02-13 10:50:00,"b3","l","interspace","1","lc","east","NA",2022-02-13,10,11.39,0,0
2022-02-13 11:00:00,"b3","l","interspace","1","lc","east","NA",2022-02-13,11,12.68,0,0
2022-02-13 11:10:00,"b3","l","interspace","1","lc","east","NA",2022-02-13,11,14.02,0,0
2022-02-13 11:20:00,"b3","l","interspace","1","lc","east","NA",2022-02-13,11,16.14,0,0
2022-02-13 11:30:00,"b3","l","interspace","1","lc","east","NA",2022-02-13,11,17.95,0,0
2022-02-13 11:40:00,"b3","l","interspace","1","lc","east","NA",2022-02-13,11,19.56,0,0
2022-02-13 11:50:00,"b3","l","interspace","1","lc","east","NA",2022-02-13,11,21.31,0.085,0.0013549
2022-02-13 12:00:00,"b3","l","interspace","1","lc","east","NA",2022-02-13,12,22.4,0.009,0.00014346
2022-02-13 12:10:00,"b3","l","interspace","1","lc","east","NA",2022-02-13,12,23.36,0.025,0.0003985
2022-02-13 12:20:00,"b3","l","interspace","1","lc","east","NA",2022-02-13,12,24.35,0.03,0.0004782
2022-02-13 12:30:00,"b3","l","interspace","1","lc","east","NA",2022-02-13,12,25.02,0.001,1.594e-05
2022-02-13 12:40:00,"b3","l","interspace","1","lc","east","NA",2022-02-13,12,26.11,0,0
2022-02-13 12:50:00,"b3","l","interspace","1","lc","east","NA",2022-02-13,12,26.89,0.018,0.00028692
2022-02-13 13:00:00,"b3","l","interspace","1","lc","east","NA",2022-02-13,13,27.47,0.052,0.00082888
2022-02-13 13:10:00,"b3","l","interspace","1","lc","east","NA",2022-02-13,13,27.64,0,0
2022-02-13 13:20:00,"b3","l","interspace","1","lc","east","NA",2022-02-13,13,26.01,0,0
2022-02-13 13:30:00,"b3","l","interspace","1","lc","east","NA",2022-02-13,13,28.33,0.059,0.00094046
2022-02-13 13:40:00,"b3","l","interspace","1","lc","east","NA",2022-02-13,13,29.4,0.034,0.00054196
2022-02-13 13:50:00,"b3","l","interspace","1","lc","east","NA",2022-02-13,13,29.91,0,0
2022-02-13 14:00:00,"b3","l","interspace","1","lc","east","NA",2022-02-13,14,30.74,0,0
2022-02-13 14:10:00,"b3","l","interspace","1","lc","east","NA",2022-02-13,14,31.18,0,0
2022-02-13 14:20:00,"b3","l","interspace","1","lc","east","NA",2022-02-13,14,31.44,0,0
2022-02-13 14:30:00,"b3","l","interspace","1","lc","east","NA",2022-02-13,14,31.37,0,0
2022-02-13 14:40:00,"b3","l","interspace","1","lc","east","NA",2022-02-13,14,31.3,0,0
2022-02-13 14:50:00,"b3","l","interspace","1","lc","east","NA",2022-02-13,14,31.47,0,0
2022-02-14 10:00:00,"b3","l","interspace","1","lc","east","NA",2022-02-14,10,-0.083,0,0
2022-02-14 10:10:00,"b3","l","interspace","1","lc","east","NA",2022-02-14,10,0.608,0,0
2022-02-14 10:20:00,"b3","l","interspace","1","lc","east","NA",2022-02-14,10,1.119,0,0
2022-02-14 10:30:00,"b3","l","interspace","1","lc","east","NA",2022-02-14,10,2.625,0,0
2022-02-14 10:40:00,"b3","l","interspace","1","lc","east","NA",2022-02-14,10,7.761,0,0
2022-02-14 10:50:00,"b3","l","interspace","1","lc","east","NA",2022-02-14,10,10.99,0,0
2022-02-14 11:00:00,"b3","l","interspace","1","lc","east","NA",2022-02-14,11,12.96,0,0
2022-02-14 11:10:00,"b3","l","interspace","1","lc","east","NA",2022-02-14,11,14.42,0,0
2022-02-14 11:20:00,"b3","l","interspace","1","lc","east","NA",2022-02-14,11,16.57,0,0
2022-02-14 11:30:00,"b3","l","interspace","1","lc","east","NA",2022-02-14,11,18.26,0,0
2022-02-14 11:40:00,"b3","l","interspace","1","lc","east","NA",2022-02-14,11,20.06,0,0
2022-02-14 11:50:00,"b3","l","interspace","1","lc","east","NA",2022-02-14,11,21.71,0.07,0.0011158
2022-02-14 12:00:00,"b3","l","interspace","1","lc","east","NA",2022-02-14,12,22.95,0.016,0.00025504
2022-02-14 12:10:00,"b3","l","interspace","1","lc","east","NA",2022-02-14,12,24.19,0.027,0.00043038
2022-02-14 12:20:00,"b3","l","interspace","1","lc","east","NA",2022-02-14,12,24.97,0.003,4.782e-05
2022-02-14 12:30:00,"b3","l","interspace","1","lc","east","NA",2022-02-14,12,26.08,0,0
2022-02-14 12:40:00,"b3","l","interspace","1","lc","east","NA",2022-02-14,12,26.68,0,0
2022-02-14 12:50:00,"b3","l","interspace","1","lc","east","NA",2022-02-14,12,27.28,0.044,0.00070136
2022-02-14 13:00:00,"b3","l","interspace","1","lc","east","NA",2022-02-14,13,28.28,0,0
2022-02-14 13:10:00,"b3","l","interspace","1","lc","east","NA",2022-02-14,13,29.04,0.007,0.00011158
2022-02-14 13:20:00,"b3","l","interspace","1","lc","east","NA",2022-02-14,13,27.39,0.027,0.00043038
2022-02-14 13:30:00,"b3","l","interspace","1","lc","east","NA",2022-02-14,13,29.67,0.009,0.00014346
2022-02-14 13:40:00,"b3","l","interspace","1","lc","east","NA",2022-02-14,13,30.95,0,0
2022-02-14 13:50:00,"b3","l","interspace","1","lc","east","NA",2022-02-14,13,31.05,0,0
2022-02-14 14:00:00,"b3","l","interspace","1","lc","east","NA",2022-02-14,14,31.42,0,0
2022-02-14 14:10:00,"b3","l","interspace","1","lc","east","NA",2022-02-14,14,31.85,0,0
2022-02-14 14:20:00,"b3","l","interspace","1","lc","east","NA",2022-02-14,14,32.16,0,0
2022-02-14 14:30:00,"b3","l","interspace","1","lc","east","NA",2022-02-14,14,31.86,0.008,0.00012752
2022-02-14 14:40:00,"b3","l","interspace","1","lc","east","NA",2022-02-14,14,30.5,0.009,0.00014346
2022-02-14 14:50:00,"b3","l","interspace","1","lc","east","NA",2022-02-14,14,29.01,0.061,0.00097234
2022-02-13 10:00:00,"b4","c","interspace","1","moss","east","NA",2022-02-13,10,-5.898,0,0
2022-02-13 10:10:00,"b4","c","interspace","1","moss","east","NA",2022-02-13,10,-5.852,0,0
2022-02-13 10:20:00,"b4","c","interspace","1","moss","east","NA",2022-02-13,10,-5.721,0,0
2022-02-13 10:30:00,"b4","c","interspace","1","moss","east","NA",2022-02-13,10,-4.943,0,0
2022-02-13 10:40:00,"b4","c","interspace","1","moss","east","NA",2022-02-13,10,-1.212,0,0
2022-02-13 10:50:00,"b4","c","interspace","1","moss","east","NA",2022-02-13,10,1.924,0,0
2022-02-13 11:00:00,"b4","c","interspace","1","moss","east","NA",2022-02-13,11,4.461,0,0
2022-02-13 11:10:00,"b4","c","interspace","1","moss","east","NA",2022-02-13,11,6.531,0.036,0.00057384
2022-02-13 11:20:00,"b4","c","interspace","1","moss","east","NA",2022-02-13,11,8.45,0,0
2022-02-13 11:30:00,"b4","c","interspace","1","moss","east","NA",2022-02-13,11,10.3,0,0
2022-02-13 11:40:00,"b4","c","interspace","1","moss","east","NA",2022-02-13,11,12.12,0,0
2022-02-13 11:50:00,"b4","c","interspace","1","moss","east","NA",2022-02-13,11,13.84,0.072,0.00114768
2022-02-13 12:00:00,"b4","c","interspace","1","moss","east","NA",2022-02-13,12,15.25,0.009,0.00014346
2022-02-13 12:10:00,"b4","c","interspace","1","moss","east","NA",2022-02-13,12,16.83,0.025,0.0003985
2022-02-13 12:20:00,"b4","c","interspace","1","moss","east","NA",2022-02-13,12,18.2,0.03,0.0004782
2022-02-13 12:30:00,"b4","c","interspace","1","moss","east","NA",2022-02-13,12,19.42,0,0
2022-02-13 12:40:00,"b4","c","interspace","1","moss","east","NA",2022-02-13,12,20.39,0,0
2022-02-13 12:50:00,"b4","c","interspace","1","moss","east","NA",2022-02-13,12,20.48,0.018,0.00028692
2022-02-13 13:00:00,"b4","c","interspace","1","moss","east","NA",2022-02-13,13,22.33,0,0
2022-02-13 13:10:00,"b4","c","interspace","1","moss","east","NA",2022-02-13,13,23.58,0.011,0.00017534
2022-02-13 13:20:00,"b4","c","interspace","1","moss","east","NA",2022-02-13,13,24.81,0,0
2022-02-13 13:30:00,"b4","c","interspace","1","moss","east","NA",2022-02-13,13,26,0.032,0.00051008
2022-02-13 13:40:00,"b4","c","interspace","1","moss","east","NA",2022-02-13,13,26.8,0.047,0.00074918
2022-02-13 13:50:00,"b4","c","interspace","1","moss","east","NA",2022-02-13,13,27.39,0,0
2022-02-13 14:00:00,"b4","c","interspace","1","moss","east","NA",2022-02-13,14,28.03,0,0
2022-02-13 14:10:00,"b4","c","interspace","1","moss","east","NA",2022-02-13,14,28.63,0,0
2022-02-13 14:20:00,"b4","c","interspace","1","moss","east","NA",2022-02-13,14,29.27,0,0
2022-02-13 14:30:00,"b4","c","interspace","1","moss","east","NA",2022-02-13,14,29.82,0,0
2022-02-13 14:40:00,"b4","c","interspace","1","moss","east","NA",2022-02-13,14,30.27,0,0
2022-02-13 14:50:00,"b4","c","interspace","1","moss","east","NA",2022-02-13,14,30.58,0,0
2022-02-14 10:00:00,"b4","c","interspace","1","moss","east","NA",2022-02-14,10,-6.01,0,0
2022-02-14 10:10:00,"b4","c","interspace","1","moss","east","NA",2022-02-14,10,-5.766,0,0
2022-02-14 10:20:00,"b4","c","interspace","1","moss","east","NA",2022-02-14,10,-5.531,0,0
2022-02-14 10:30:00,"b4","c","interspace","1","moss","east","NA",2022-02-14,10,-4.472,0,0
2022-02-14 10:40:00,"b4","c","interspace","1","moss","east","NA",2022-02-14,10,-0.696,0,0
2022-02-14 10:50:00,"b4","c","interspace","1","moss","east","NA",2022-02-14,10,2.238,0,0
2022-02-14 11:00:00,"b4","c","interspace","1","moss","east","NA",2022-02-14,11,4.779,0,0
2022-02-14 11:10:00,"b4","c","interspace","1","moss","east","NA",2022-02-14,11,6.934,0,0
2022-02-14 11:20:00,"b4","c","interspace","1","moss","east","NA",2022-02-14,11,9.01,0,0
2022-02-14 11:30:00,"b4","c","interspace","1","moss","east","NA",2022-02-14,11,10.83,0,0
2022-02-14 11:40:00,"b4","c","interspace","1","moss","east","NA",2022-02-14,11,12.76,0,0
2022-02-14 11:50:00,"b4","c","interspace","1","moss","east","NA",2022-02-14,11,14.51,0.084,0.00133896
2022-02-14 12:00:00,"b4","c","interspace","1","moss","east","NA",2022-02-14,12,16.17,0.03,0.0004782
2022-02-14 12:10:00,"b4","c","interspace","1","moss","east","NA",2022-02-14,12,17.69,0.027,0.00043038
2022-02-14 12:20:00,"b4","c","interspace","1","moss","east","NA",2022-02-14,12,19.12,0.003,4.782e-05
2022-02-14 12:30:00,"b4","c","interspace","1","moss","east","NA",2022-02-14,12,20.55,0,0
2022-02-14 12:40:00,"b4","c","interspace","1","moss","east","NA",2022-02-14,12,21.15,0,0
2022-02-14 12:50:00,"b4","c","interspace","1","moss","east","NA",2022-02-14,12,21.14,0.044,0.00070136
2022-02-14 13:00:00,"b4","c","interspace","1","moss","east","NA",2022-02-14,13,23.21,0,0
2022-02-14 13:10:00,"b4","c","interspace","1","moss","east","NA",2022-02-14,13,24.53,0.007,0.00011158
2022-02-14 13:20:00,"b4","c","interspace","1","moss","east","NA",2022-02-14,13,25.61,0.054,0.00086076
2022-02-14 13:30:00,"b4","c","interspace","1","moss","east","NA",2022-02-14,13,26.66,0,0
2022-02-14 13:40:00,"b4","c","interspace","1","moss","east","NA",2022-02-14,13,27.59,0,0
2022-02-14 13:50:00,"b4","c","interspace","1","moss","east","NA",2022-02-14,13,28.34,0,0
2022-02-14 14:00:00,"b4","c","interspace","1","moss","east","NA",2022-02-14,14,29.04,0,0
2022-02-14 14:10:00,"b4","c","interspace","1","moss","east","NA",2022-02-14,14,29.61,0,0
2022-02-14 14:20:00,"b4","c","interspace","1","moss","east","NA",2022-02-14,14,30.19,0,0
2022-02-14 14:30:00,"b4","c","interspace","1","moss","east","NA",2022-02-14,14,30.4,0.008,0.00012752
2022-02-14 14:40:00,"b4","c","interspace","1","moss","east","NA",2022-02-14,14,29.7,0.009,0.00014346
2022-02-14 14:50:00,"b4","c","interspace","1","moss","east","NA",2022-02-14,14,28.53,0.061,0.00097234
2022-02-13 10:00:00,"b4","l","interspace","3","lc","east","NA",2022-02-13,10,1.873,0,0
2022-02-13 10:10:00,"b4","l","interspace","3","lc","east","NA",2022-02-13,10,2.766,0,0
2022-02-13 10:20:00,"b4","l","interspace","3","lc","east","NA",2022-02-13,10,3.415,0,0
2022-02-13 10:30:00,"b4","l","interspace","3","lc","east","NA",2022-02-13,10,4.716,0,0
2022-02-13 10:40:00,"b4","l","interspace","3","lc","east","NA",2022-02-13,10,8.63,0,0
2022-02-13 10:50:00,"b4","l","interspace","3","lc","east","NA",2022-02-13,10,9.14,0,0
2022-02-13 11:00:00,"b4","l","interspace","3","lc","east","NA",2022-02-13,11,10.29,0,0
2022-02-13 11:10:00,"b4","l","interspace","3","lc","east","NA",2022-02-13,11,11.44,0.009,0.00014346
2022-02-13 11:20:00,"b4","l","interspace","3","lc","east","NA",2022-02-13,11,12.86,0,0
2022-02-13 11:30:00,"b4","l","interspace","3","lc","east","NA",2022-02-13,11,14.47,0,0
2022-02-13 11:40:00,"b4","l","interspace","3","lc","east","NA",2022-02-13,11,16.02,0,0
2022-02-13 11:50:00,"b4","l","interspace","3","lc","east","NA",2022-02-13,11,17.34,0.072,0.00114768
2022-02-13 12:00:00,"b4","l","interspace","3","lc","east","NA",2022-02-13,12,18.52,0.023,0.00036662
2022-02-13 12:10:00,"b4","l","interspace","3","lc","east","NA",2022-02-13,12,19.95,0.025,0.0003985
2022-02-13 12:20:00,"b4","l","interspace","3","lc","east","NA",2022-02-13,12,21.07,0.016,0.00025504
2022-02-13 12:30:00,"b4","l","interspace","3","lc","east","NA",2022-02-13,12,19.73,0,0
2022-02-13 12:40:00,"b4","l","interspace","3","lc","east","NA",2022-02-13,12,22.41,0,0
2022-02-13 12:50:00,"b4","l","interspace","3","lc","east","NA",2022-02-13,12,23.73,0.018,0.00028692
2022-02-13 13:00:00,"b4","l","interspace","3","lc","east","NA",2022-02-13,13,24.78,0.039,0.00062166
2022-02-13 13:10:00,"b4","l","interspace","3","lc","east","NA",2022-02-13,13,25.7,0,0
2022-02-13 13:20:00,"b4","l","interspace","3","lc","east","NA",2022-02-13,13,26.49,0,0
2022-02-13 13:30:00,"b4","l","interspace","3","lc","east","NA",2022-02-13,13,27.5,0.046,0.00073324
2022-02-13 13:40:00,"b4","l","interspace","3","lc","east","NA",2022-02-13,13,28.37,0.02,0.0003188
2022-02-13 13:50:00,"b4","l","interspace","3","lc","east","NA",2022-02-13,13,28.98,0,0
2022-02-13 14:00:00,"b4","l","interspace","3","lc","east","NA",2022-02-13,14,29.54,0,0
2022-02-13 14:10:00,"b4","l","interspace","3","lc","east","NA",2022-02-13,14,30.06,0,0
2022-02-13 14:20:00,"b4","l","interspace","3","lc","east","NA",2022-02-13,14,30.27,0,0
2022-02-13 14:30:00,"b4","l","interspace","3","lc","east","NA",2022-02-13,14,30.56,0,0
2022-02-13 14:40:00,"b4","l","interspace","3","lc","east","NA",2022-02-13,14,30.74,0,0
2022-02-13 14:50:00,"b4","l","interspace","3","lc","east","NA",2022-02-13,14,31.04,0,0
2022-02-14 10:00:00,"b4","l","interspace","3","lc","east","NA",2022-02-14,10,-2.232,0,0
2022-02-14 10:10:00,"b4","l","interspace","3","lc","east","NA",2022-02-14,10,-2.165,0,0
2022-02-14 10:20:00,"b4","l","interspace","3","lc","east","NA",2022-02-14,10,0.686,0,0
2022-02-14 10:30:00,"b4","l","interspace","3","lc","east","NA",2022-02-14,10,1.704,0,0
2022-02-14 10:40:00,"b4","l","interspace","3","lc","east","NA",2022-02-14,10,5.013,0,0
2022-02-14 10:50:00,"b4","l","interspace","3","lc","east","NA",2022-02-14,10,7.329,0,0
2022-02-14 11:00:00,"b4","l","interspace","3","lc","east","NA",2022-02-14,11,9.29,0,0
2022-02-14 11:10:00,"b4","l","interspace","3","lc","east","NA",2022-02-14,11,10.99,0,0
2022-02-14 11:20:00,"b4","l","interspace","3","lc","east","NA",2022-02-14,11,12.7,0,0
2022-02-14 11:30:00,"b4","l","interspace","3","lc","east","NA",2022-02-14,11,14.32,0,0
2022-02-14 11:40:00,"b4","l","interspace","3","lc","east","NA",2022-02-14,11,16.06,0,0
2022-02-14 11:50:00,"b4","l","interspace","3","lc","east","NA",2022-02-14,11,17.57,0.07,0.0011158
2022-02-14 12:00:00,"b4","l","interspace","3","lc","east","NA",2022-02-14,12,18.86,0.016,0.00025504
2022-02-14 12:10:00,"b4","l","interspace","3","lc","east","NA",2022-02-14,12,20.27,0.027,0.00043038
2022-02-14 12:20:00,"b4","l","interspace","3","lc","east","NA",2022-02-14,12,21.39,0.03,0.0004782
2022-02-14 12:30:00,"b4","l","interspace","3","lc","east","NA",2022-02-14,12,20.32,0,0
2022-02-14 12:40:00,"b4","l","interspace","3","lc","east","NA",2022-02-14,12,22.73,0,0
2022-02-14 12:50:00,"b4","l","interspace","3","lc","east","NA",2022-02-14,12,24.27,0.044,0.00070136
2022-02-14 13:00:00,"b4","l","interspace","3","lc","east","NA",2022-02-14,13,25.54,0,0
2022-02-14 13:10:00,"b4","l","interspace","3","lc","east","NA",2022-02-14,13,26.53,0.02,0.0003188
2022-02-14 13:20:00,"b4","l","interspace","3","lc","east","NA",2022-02-14,13,27.42,0.054,0.00086076
2022-02-14 13:30:00,"b4","l","interspace","3","lc","east","NA",2022-02-14,13,28.3,0,0
2022-02-14 13:40:00,"b4","l","interspace","3","lc","east","NA",2022-02-14,13,29.14,0,0
2022-02-14 13:50:00,"b4","l","interspace","3","lc","east","NA",2022-02-14,13,29.59,0,0
2022-02-14 14:00:00,"b4","l","interspace","3","lc","east","NA",2022-02-14,14,30.37,0,0
2022-02-14 14:10:00,"b4","l","interspace","3","lc","east","NA",2022-02-14,14,30.79,0,0
2022-02-14 14:20:00,"b4","l","interspace","3","lc","east","NA",2022-02-14,14,31.18,0,0
2022-02-14 14:30:00,"b4","l","interspace","3","lc","east","NA",2022-02-14,14,30.81,0.008,0.00012752
2022-02-14 14:40:00,"b4","l","interspace","3","lc","east","NA",2022-02-14,14,29.59,0.009,0.00014346
2022-02-14 14:50:00,"b4","l","interspace","3","lc","east","NA",2022-02-14,14,28.05,0.061,0.00097234
2022-02-13 10:00:00,"b4","w","interspace","4","dc","east","NA",2022-02-13,10,-6.48,0,0
2022-02-13 10:10:00,"b4","w","interspace","4","dc","east","NA",2022-02-13,10,-6.369,0,0
2022-02-13 10:20:00,"b4","w","interspace","4","dc","east","NA",2022-02-13,10,-6.169,0,0
2022-02-13 10:30:00,"b4","w","interspace","4","dc","east","NA",2022-02-13,10,-5.53,0,0
2022-02-13 10:40:00,"b4","w","interspace","4","dc","east","NA",2022-02-13,10,-3.463,0,0
2022-02-13 10:50:00,"b4","w","interspace","4","dc","east","NA",2022-02-13,10,-2.408,0,0
2022-02-13 11:00:00,"b4","w","interspace","4","dc","east","NA",2022-02-13,11,-1.477,0,0
2022-02-13 11:10:00,"b4","w","interspace","4","dc","east","NA",2022-02-13,11,-0.873,0,0
2022-02-13 11:20:00,"b4","w","interspace","4","dc","east","NA",2022-02-13,11,1.144,0,0
2022-02-13 11:30:00,"b4","w","interspace","4","dc","east","NA",2022-02-13,11,3.303,0,0
2022-02-13 11:40:00,"b4","w","interspace","4","dc","east","NA",2022-02-13,11,5.254,0,0
2022-02-13 11:50:00,"b4","w","interspace","4","dc","east","NA",2022-02-13,11,6.654,0.072,0.00114768
2022-02-13 12:00:00,"b4","w","interspace","4","dc","east","NA",2022-02-13,12,8.14,0.036,0.00057384
2022-02-13 12:10:00,"b4","w","interspace","4","dc","east","NA",2022-02-13,12,9.46,0.025,0.0003985
2022-02-13 12:20:00,"b4","w","interspace","4","dc","east","NA",2022-02-13,12,10.43,0.03,0.0004782
2022-02-13 12:30:00,"b4","w","interspace","4","dc","east","NA",2022-02-13,12,11.54,0.001,1.594e-05
2022-02-13 12:40:00,"b4","w","interspace","4","dc","east","NA",2022-02-13,12,12.03,0,0
2022-02-13 12:50:00,"b4","w","interspace","4","dc","east","NA",2022-02-13,12,12.84,0.018,0.00028692
2022-02-13 13:00:00,"b4","w","interspace","4","dc","east","NA",2022-02-13,13,14,0.025,0.0003985
2022-02-13 13:10:00,"b4","w","interspace","4","dc","east","NA",2022-02-13,13,15.32,0,0
2022-02-13 13:20:00,"b4","w","interspace","4","dc","east","NA",2022-02-13,13,16.29,0,0
2022-02-13 13:30:00,"b4","w","interspace","4","dc","east","NA",2022-02-13,13,15.8,0.032,0.00051008
2022-02-13 13:40:00,"b4","w","interspace","4","dc","east","NA",2022-02-13,13,17.33,0.047,0.00074918
2022-02-13 13:50:00,"b4","w","interspace","4","dc","east","NA",2022-02-13,13,17.86,0,0
2022-02-13 14:00:00,"b4","w","interspace","4","dc","east","NA",2022-02-13,14,18.6,0,0
2022-02-13 14:10:00,"b4","w","interspace","4","dc","east","NA",2022-02-13,14,18.91,0,0
2022-02-13 14:20:00,"b4","w","interspace","4","dc","east","NA",2022-02-13,14,19.59,0,0
2022-02-13 14:30:00,"b4","w","interspace","4","dc","east","NA",2022-02-13,14,20.55,0,0
2022-02-13 14:40:00,"b4","w","interspace","4","dc","east","NA",2022-02-13,14,20.61,0,0
2022-02-13 14:50:00,"b4","w","interspace","4","dc","east","NA",2022-02-13,14,20.76,0,0
2022-02-14 10:00:00,"b4","w","interspace","4","dc","east","NA",2022-02-14,10,-6.502,0,0
2022-02-14 10:10:00,"b4","w","interspace","4","dc","east","NA",2022-02-14,10,-6.342,0,0
2022-02-14 10:20:00,"b4","w","interspace","4","dc","east","NA",2022-02-14,10,-6.118,0,0
2022-02-14 10:30:00,"b4","w","interspace","4","dc","east","NA",2022-02-14,10,-5.227,0,0
2022-02-14 10:40:00,"b4","w","interspace","4","dc","east","NA",2022-02-14,10,-3.848,0,0
2022-02-14 10:50:00,"b4","w","interspace","4","dc","east","NA",2022-02-14,10,-2.371,0,0
2022-02-14 11:00:00,"b4","w","interspace","4","dc","east","NA",2022-02-14,11,-1.202,0,0
2022-02-14 11:10:00,"b4","w","interspace","4","dc","east","NA",2022-02-14,11,-0.453,0,0
2022-02-14 11:20:00,"b4","w","interspace","4","dc","east","NA",2022-02-14,11,1.581,0,0
2022-02-14 11:30:00,"b4","w","interspace","4","dc","east","NA",2022-02-14,11,3.992,0,0
2022-02-14 11:40:00,"b4","w","interspace","4","dc","east","NA",2022-02-14,11,5.944,0,0
2022-02-14 11:50:00,"b4","w","interspace","4","dc","east","NA",2022-02-14,11,7.453,0.084,0.00133896
2022-02-14 12:00:00,"b4","w","interspace","4","dc","east","NA",2022-02-14,12,8.98,0.016,0.00025504
2022-02-14 12:10:00,"b4","w","interspace","4","dc","east","NA",2022-02-14,12,10.26,0.027,0.00043038
2022-02-14 12:20:00,"b4","w","interspace","4","dc","east","NA",2022-02-14,12,11.7,0.017,0.00027098
2022-02-14 12:30:00,"b4","w","interspace","4","dc","east","NA",2022-02-14,12,12.41,0,0
2022-02-14 12:40:00,"b4","w","interspace","4","dc","east","NA",2022-02-14,12,13.28,0,0
2022-02-14 12:50:00,"b4","w","interspace","4","dc","east","NA",2022-02-14,12,14.06,0.044,0.00070136
2022-02-14 13:00:00,"b4","w","interspace","4","dc","east","NA",2022-02-14,13,15.23,0.009,0.00014346
2022-02-14 13:10:00,"b4","w","interspace","4","dc","east","NA",2022-02-14,13,15.82,0.007,0.00011158
2022-02-14 13:20:00,"b4","w","interspace","4","dc","east","NA",2022-02-14,13,16.7,0.04,0.0006376
2022-02-14 13:30:00,"b4","w","interspace","4","dc","east","NA",2022-02-14,13,17.06,0,0
2022-02-14 13:40:00,"b4","w","interspace","4","dc","east","NA",2022-02-14,13,17.57,0,0
2022-02-14 13:50:00,"b4","w","interspace","4","dc","east","NA",2022-02-14,13,19,0,0
2022-02-14 14:00:00,"b4","w","interspace","4","dc","east","NA",2022-02-14,14,19.86,0,0
2022-02-14 14:10:00,"b4","w","interspace","4","dc","east","NA",2022-02-14,14,20.17,0,0
2022-02-14 14:20:00,"b4","w","interspace","4","dc","east","NA",2022-02-14,14,21.16,0,0
2022-02-14 14:30:00,"b4","w","interspace","4","dc","east","NA",2022-02-14,14,21.53,0.008,0.00012752
2022-02-14 14:40:00,"b4","w","interspace","4","dc","east","NA",2022-02-14,14,21.76,0.009,0.00014346
2022-02-14 14:50:00,"b4","w","interspace","4","dc","east","NA",2022-02-14,14,20.86,0.061,0.00097234
2022-02-13 10:00:00,"b5","c","interspace","1","moss","east","NA",2022-02-13,10,-6.862,0,0
2022-02-13 10:10:00,"b5","c","interspace","1","moss","east","NA",2022-02-13,10,-6.799,0,0
2022-02-13 10:20:00,"b5","c","interspace","1","moss","east","NA",2022-02-13,10,-6.626,0,0
2022-02-13 10:30:00,"b5","c","interspace","1","moss","east","NA",2022-02-13,10,-3.962,0,0
2022-02-13 10:40:00,"b5","c","interspace","1","moss","east","NA",2022-02-13,10,1.948,0,0
2022-02-13 10:50:00,"b5","c","interspace","1","moss","east","NA",2022-02-13,10,5.801,0,0
2022-02-13 11:00:00,"b5","c","interspace","1","moss","east","NA",2022-02-13,11,8.82,0,0
2022-02-13 11:10:00,"b5","c","interspace","1","moss","east","NA",2022-02-13,11,11.21,0,0
2022-02-13 11:20:00,"b5","c","interspace","1","moss","east","NA",2022-02-13,11,13.45,0,0
2022-02-13 11:30:00,"b5","c","interspace","1","moss","east","NA",2022-02-13,11,15.24,0,0
2022-02-13 11:40:00,"b5","c","interspace","1","moss","east","NA",2022-02-13,11,17.72,0,0
2022-02-13 11:50:00,"b5","c","interspace","1","moss","east","NA",2022-02-13,11,19.43,0.058,0.00092452
2022-02-13 12:00:00,"b5","c","interspace","1","moss","east","NA",2022-02-13,12,21.61,0.05,0.000797
2022-02-13 12:10:00,"b5","c","interspace","1","moss","east","NA",2022-02-13,12,23.12,0.025,0.0003985
2022-02-13 12:20:00,"b5","c","interspace","1","moss","east","NA",2022-02-13,12,24.31,0.03,0.0004782
2022-02-13 12:30:00,"b5","c","interspace","1","moss","east","NA",2022-02-13,12,25.31,0.001,1.594e-05
2022-02-13 12:40:00,"b5","c","interspace","1","moss","east","NA",2022-02-13,12,26.26,0,0
2022-02-13 12:50:00,"b5","c","interspace","1","moss","east","NA",2022-02-13,12,27.28,0.018,0.00028692
2022-02-13 13:00:00,"b5","c","interspace","1","moss","east","NA",2022-02-13,13,27.47,0,0
2022-02-13 13:10:00,"b5","c","interspace","1","moss","east","NA",2022-02-13,13,27.87,0.024,0.00038256
2022-02-13 13:20:00,"b5","c","interspace","1","moss","east","NA",2022-02-13,13,29.44,0,0
2022-02-13 13:30:00,"b5","c","interspace","1","moss","east","NA",2022-02-13,13,30.47,0.046,0.00073324
2022-02-13 13:40:00,"b5","c","interspace","1","moss","east","NA",2022-02-13,13,30.2,0.034,0.00054196
2022-02-13 13:50:00,"b5","c","interspace","1","moss","east","NA",2022-02-13,13,27.15,0,0
2022-02-13 14:00:00,"b5","c","interspace","1","moss","east","NA",2022-02-13,14,30.59,0,0
2022-02-13 14:10:00,"b5","c","interspace","1","moss","east","NA",2022-02-13,14,31.24,0,0
2022-02-13 14:20:00,"b5","c","interspace","1","moss","east","NA",2022-02-13,14,31.47,0,0
2022-02-13 14:30:00,"b5","c","interspace","1","moss","east","NA",2022-02-13,14,31.8,0,0
2022-02-13 14:40:00,"b5","c","interspace","1","moss","east","NA",2022-02-13,14,32.02,0,0
2022-02-13 14:50:00,"b5","c","interspace","1","moss","east","NA",2022-02-13,14,31.75,0,0
2022-02-14 10:00:00,"b5","c","interspace","1","moss","east","NA",2022-02-14,10,-7.264,0,0
2022-02-14 10:10:00,"b5","c","interspace","1","moss","east","NA",2022-02-14,10,-6.663,0,0
2022-02-14 10:20:00,"b5","c","interspace","1","moss","east","NA",2022-02-14,10,-6.195,0,0
2022-02-14 10:30:00,"b5","c","interspace","1","moss","east","NA",2022-02-14,10,0.405,0,0
2022-02-14 10:40:00,"b5","c","interspace","1","moss","east","NA",2022-02-14,10,5.111,0,0
2022-02-14 10:50:00,"b5","c","interspace","1","moss","east","NA",2022-02-14,10,4.918,0,0
2022-02-14 11:00:00,"b5","c","interspace","1","moss","east","NA",2022-02-14,11,5.798,0,0
2022-02-14 11:10:00,"b5","c","interspace","1","moss","east","NA",2022-02-14,11,6.311,0,0
2022-02-14 11:20:00,"b5","c","interspace","1","moss","east","NA",2022-02-14,11,7.669,0,0
2022-02-14 11:30:00,"b5","c","interspace","1","moss","east","NA",2022-02-14,11,7.987,0,0
2022-02-14 11:40:00,"b5","c","interspace","1","moss","east","NA",2022-02-14,11,9.38,0,0
2022-02-14 11:50:00,"b5","c","interspace","1","moss","east","NA",2022-02-14,11,9.67,0.057,0.00090858
2022-02-14 12:00:00,"b5","c","interspace","1","moss","east","NA",2022-02-14,12,10.86,0.016,0.00025504
2022-02-14 12:10:00,"b5","c","interspace","1","moss","east","NA",2022-02-14,12,12.2,0.027,0.00043038
2022-02-14 12:20:00,"b5","c","interspace","1","moss","east","NA",2022-02-14,12,13.09,0.017,0.00027098
2022-02-14 12:30:00,"b5","c","interspace","1","moss","east","NA",2022-02-14,12,12.94,0,0
2022-02-14 12:40:00,"b5","c","interspace","1","moss","east","NA",2022-02-14,12,13.65,0,0
2022-02-14 12:50:00,"b5","c","interspace","1","moss","east","NA",2022-02-14,12,13.55,0.017,0.00027098
2022-02-14 13:00:00,"b5","c","interspace","1","moss","east","NA",2022-02-14,13,13.57,0,0
2022-02-14 13:10:00,"b5","c","interspace","1","moss","east","NA",2022-02-14,13,14.5,0.007,0.00011158
2022-02-14 13:20:00,"b5","c","interspace","1","moss","east","NA",2022-02-14,13,15.55,0.054,0.00086076
2022-02-14 13:30:00,"b5","c","interspace","1","moss","east","NA",2022-02-14,13,14.92,0.023,0.00036662
2022-02-14 13:40:00,"b5","c","interspace","1","moss","east","NA",2022-02-14,13,15.39,0,0
2022-02-14 13:50:00,"b5","c","interspace","1","moss","east","NA",2022-02-14,13,15.36,0,0
2022-02-14 14:00:00,"b5","c","interspace","1","moss","east","NA",2022-02-14,14,15.66,0,0
2022-02-14 14:10:00,"b5","c","interspace","1","moss","east","NA",2022-02-14,14,16.44,0,0
2022-02-14 14:20:00,"b5","c","interspace","1","moss","east","NA",2022-02-14,14,17.24,0,0
2022-02-14 14:30:00,"b5","c","interspace","1","moss","east","NA",2022-02-14,14,16.92,0.008,0.00012752
2022-02-14 14:40:00,"b5","c","interspace","1","moss","east","NA",2022-02-14,14,16.96,0.009,0.00014346
2022-02-14 14:50:00,"b5","c","interspace","1","moss","east","NA",2022-02-14,14,15.85,0.061,0.00097234
2022-02-13 10:00:00,"b5","lw","interspace","4","lc","north","NA",2022-02-13,10,-2.688,0,0
2022-02-13 10:10:00,"b5","lw","interspace","4","lc","north","NA",2022-02-13,10,-1.357,0,0
2022-02-13 10:20:00,"b5","lw","interspace","4","lc","north","NA",2022-02-13,10,-2.488,0,0
2022-02-13 10:30:00,"b5","lw","interspace","4","lc","north","NA",2022-02-13,10,-2.808,0,0
2022-02-13 10:40:00,"b5","lw","interspace","4","lc","north","NA",2022-02-13,10,0.236,0,0
2022-02-13 10:50:00,"b5","lw","interspace","4","lc","north","NA",2022-02-13,10,1.578,0,0
2022-02-13 11:00:00,"b5","lw","interspace","4","lc","north","NA",2022-02-13,11,3.532,0,0
2022-02-13 11:10:00,"b5","lw","interspace","4","lc","north","NA",2022-02-13,11,4.051,0,0
2022-02-13 11:20:00,"b5","lw","interspace","4","lc","north","NA",2022-02-13,11,4.044,0,0
2022-02-13 11:30:00,"b5","lw","interspace","4","lc","north","NA",2022-02-13,11,4.27,0,0
2022-02-13 11:40:00,"b5","lw","interspace","4","lc","north","NA",2022-02-13,11,4.81,0,0
2022-02-13 11:50:00,"b5","lw","interspace","4","lc","north","NA",2022-02-13,11,6.151,0.058,0.00092452
2022-02-13 12:00:00,"b5","lw","interspace","4","lc","north","NA",2022-02-13,12,7.199,0.036,0.00057384
2022-02-13 12:10:00,"b5","lw","interspace","4","lc","north","NA",2022-02-13,12,8.5,0.025,0.0003985
2022-02-13 12:20:00,"b5","lw","interspace","4","lc","north","NA",2022-02-13,12,9.3,0.03,0.0004782
2022-02-13 12:30:00,"b5","lw","interspace","4","lc","north","NA",2022-02-13,12,9.6,0.015,0.0002391
2022-02-13 12:40:00,"b5","lw","interspace","4","lc","north","NA",2022-02-13,12,10.26,0,0
2022-02-13 12:50:00,"b5","lw","interspace","4","lc","north","NA",2022-02-13,12,10.48,0.018,0.00028692
2022-02-13 13:00:00,"b5","lw","interspace","4","lc","north","NA",2022-02-13,13,11.92,0.052,0.00082888
2022-02-13 13:10:00,"b5","lw","interspace","4","lc","north","NA",2022-02-13,13,13.84,0.011,0.00017534
2022-02-13 13:20:00,"b5","lw","interspace","4","lc","north","NA",2022-02-13,13,13.79,0.001,1.594e-05
2022-02-13 13:30:00,"b5","lw","interspace","4","lc","north","NA",2022-02-13,13,12.35,0.006,9.564e-05
2022-02-13 13:40:00,"b5","lw","interspace","4","lc","north","NA",2022-02-13,13,14.09,0.007,0.00011158
2022-02-13 13:50:00,"b5","lw","interspace","4","lc","north","NA",2022-02-13,13,13.25,0.028,0.00044632
2022-02-13 14:00:00,"b5","lw","interspace","4","lc","north","NA",2022-02-13,14,13.81,0,0
2022-02-13 14:10:00,"b5","lw","interspace","4","lc","north","NA",2022-02-13,14,15.44,0,0
2022-02-13 14:20:00,"b5","lw","interspace","4","lc","north","NA",2022-02-13,14,16.56,0,0
2022-02-13 14:30:00,"b5","lw","interspace","4","lc","north","NA",2022-02-13,14,16.35,0,0
2022-02-13 14:40:00,"b5","lw","interspace","4","lc","north","NA",2022-02-13,14,17.63,0,0
2022-02-13 14:50:00,"b5","lw","interspace","4","lc","north","NA",2022-02-13,14,17.51,0,0
2022-02-14 10:00:00,"b5","lw","interspace","4","lc","north","NA",2022-02-14,10,-6.366,0,0
2022-02-14 10:10:00,"b5","lw","interspace","4","lc","north","NA",2022-02-14,10,-3.933,0,0
2022-02-14 10:20:00,"b5","lw","interspace","4","lc","north","NA",2022-02-14,10,-1.471,0,0
2022-02-14 10:30:00,"b5","lw","interspace","4","lc","north","NA",2022-02-14,10,-1.447,0,0
2022-02-14 10:40:00,"b5","lw","interspace","4","lc","north","NA",2022-02-14,10,-0.692,0,0
2022-02-14 10:50:00,"b5","lw","interspace","4","lc","north","NA",2022-02-14,10,0.059,0,0
2022-02-14 11:00:00,"b5","lw","interspace","4","lc","north","NA",2022-02-14,11,1.372,0,0
2022-02-14 11:10:00,"b5","lw","interspace","4","lc","north","NA",2022-02-14,11,4.833,0,0
2022-02-14 11:20:00,"b5","lw","interspace","4","lc","north","NA",2022-02-14,11,7.381,0,0
2022-02-14 11:30:00,"b5","lw","interspace","4","lc","north","NA",2022-02-14,11,8.11,0,0
2022-02-14 11:40:00,"b5","lw","interspace","4","lc","north","NA",2022-02-14,11,6.927,0,0
2022-02-14 11:50:00,"b5","lw","interspace","4","lc","north","NA",2022-02-14,11,6.124,0.07,0.0011158
2022-02-14 12:00:00,"b5","lw","interspace","4","lc","north","NA",2022-02-14,12,6.972,0.016,0.00025504
2022-02-14 12:10:00,"b5","lw","interspace","4","lc","north","NA",2022-02-14,12,7.736,0.027,0.00043038
2022-02-14 12:20:00,"b5","lw","interspace","4","lc","north","NA",2022-02-14,12,10.66,0.017,0.00027098
2022-02-14 12:30:00,"b5","lw","interspace","4","lc","north","NA",2022-02-14,12,12.91,0,0
2022-02-14 12:40:00,"b5","lw","interspace","4","lc","north","NA",2022-02-14,12,13.74,0,0
2022-02-14 12:50:00,"b5","lw","interspace","4","lc","north","NA",2022-02-14,12,14.57,0.044,0.00070136
2022-02-14 13:00:00,"b5","lw","interspace","4","lc","north","NA",2022-02-14,13,16.1,0,0
2022-02-14 13:10:00,"b5","lw","interspace","4","lc","north","NA",2022-02-14,13,16.41,0.007,0.00011158
2022-02-14 13:20:00,"b5","lw","interspace","4","lc","north","NA",2022-02-14,13,17.19,0.067,0.00106798
2022-02-14 13:30:00,"b5","lw","interspace","4","lc","north","NA",2022-02-14,13,16.63,0.009,0.00014346
2022-02-14 13:40:00,"b5","lw","interspace","4","lc","north","NA",2022-02-14,13,16.73,0,0
2022-02-14 13:50:00,"b5","lw","interspace","4","lc","north","NA",2022-02-14,13,18.46,0,0
2022-02-14 14:00:00,"b5","lw","interspace","4","lc","north","NA",2022-02-14,14,18.69,0,0
2022-02-14 14:10:00,"b5","lw","interspace","4","lc","north","NA",2022-02-14,14,19.3,0,0
2022-02-14 14:20:00,"b5","lw","interspace","4","lc","north","NA",2022-02-14,14,19.29,0,0
2022-02-14 14:30:00,"b5","lw","interspace","4","lc","north","NA",2022-02-14,14,19.42,0.008,0.00012752
2022-02-14 14:40:00,"b5","lw","interspace","4","lc","north","NA",2022-02-14,14,19.96,0.009,0.00014346
2022-02-14 14:50:00,"b5","lw","interspace","4","lc","north","NA",2022-02-14,14,18.66,0.061,0.00097234
2022-02-13 10:00:00,"b5","l","interspace","3","lc","east","NA",2022-02-13,10,7.367,0,0
2022-02-13 10:10:00,"b5","l","interspace","3","lc","east","NA",2022-02-13,10,7.759,0,0
2022-02-13 10:20:00,"b5","l","interspace","3","lc","east","NA",2022-02-13,10,7.654,0,0
2022-02-13 10:30:00,"b5","l","interspace","3","lc","east","NA",2022-02-13,10,6.671,0,0
2022-02-13 10:40:00,"b5","l","interspace","3","lc","east","NA",2022-02-13,10,11.93,0,0
2022-02-13 10:50:00,"b5","l","interspace","3","lc","east","NA",2022-02-13,10,13.44,0,0
2022-02-13 11:00:00,"b5","l","interspace","3","lc","east","NA",2022-02-13,11,13.25,0,0
2022-02-13 11:10:00,"b5","l","interspace","3","lc","east","NA",2022-02-13,11,13.6,0,0
2022-02-13 11:20:00,"b5","l","interspace","3","lc","east","NA",2022-02-13,11,15.81,0,0
2022-02-13 11:30:00,"b5","l","interspace","3","lc","east","NA",2022-02-13,11,17.68,0,0
2022-02-13 11:40:00,"b5","l","interspace","3","lc","east","NA",2022-02-13,11,19.21,0,0
2022-02-13 11:50:00,"b5","l","interspace","3","lc","east","NA",2022-02-13,11,20.56,0.085,0.0013549
2022-02-13 12:00:00,"b5","l","interspace","3","lc","east","NA",2022-02-13,12,21.51,0.023,0.00036662
2022-02-13 12:10:00,"b5","l","interspace","3","lc","east","NA",2022-02-13,12,22.88,0.012,0.00019128
2022-02-13 12:20:00,"b5","l","interspace","3","lc","east","NA",2022-02-13,12,23.9,0.03,0.0004782
2022-02-13 12:30:00,"b5","l","interspace","3","lc","east","NA",2022-02-13,12,24.82,0,0
2022-02-13 12:40:00,"b5","l","interspace","3","lc","east","NA",2022-02-13,12,25.84,0,0
2022-02-13 12:50:00,"b5","l","interspace","3","lc","east","NA",2022-02-13,12,26.73,0.018,0.00028692
2022-02-13 13:00:00,"b5","l","interspace","3","lc","east","NA",2022-02-13,13,27.46,0.012,0.00019128
2022-02-13 13:10:00,"b5","l","interspace","3","lc","east","NA",2022-02-13,13,28.04,0,0
2022-02-13 13:20:00,"b5","l","interspace","3","lc","east","NA",2022-02-13,13,28.62,0.001,1.594e-05
2022-02-13 13:30:00,"b5","l","interspace","3","lc","east","NA",2022-02-13,13,29.46,0.046,0.00073324
2022-02-13 13:40:00,"b5","l","interspace","3","lc","east","NA",2022-02-13,13,30.06,0.034,0.00054196
2022-02-13 13:50:00,"b5","l","interspace","3","lc","east","NA",2022-02-13,13,30.37,0.001,1.594e-05
2022-02-13 14:00:00,"b5","l","interspace","3","lc","east","NA",2022-02-13,14,30.85,0,0
2022-02-13 14:10:00,"b5","l","interspace","3","lc","east","NA",2022-02-13,14,31.09,0,0
2022-02-13 14:20:00,"b5","l","interspace","3","lc","east","NA",2022-02-13,14,31.43,0,0
2022-02-13 14:30:00,"b5","l","interspace","3","lc","east","NA",2022-02-13,14,31.69,0,0
2022-02-13 14:40:00,"b5","l","interspace","3","lc","east","NA",2022-02-13,14,31.72,0,0
2022-02-13 14:50:00,"b5","l","interspace","3","lc","east","NA",2022-02-13,14,31.86,0,0
2022-02-14 10:00:00,"b5","l","interspace","3","lc","east","NA",2022-02-14,10,7.789,0,0
2022-02-14 10:10:00,"b5","l","interspace","3","lc","east","NA",2022-02-14,10,6.485,0,0
2022-02-14 10:20:00,"b5","l","interspace","3","lc","east","NA",2022-02-14,10,7.177,0,0
2022-02-14 10:30:00,"b5","l","interspace","3","lc","east","NA",2022-02-14,10,7.917,0,0
2022-02-14 10:40:00,"b5","l","interspace","3","lc","east","NA",2022-02-14,10,10.84,0,0
2022-02-14 10:50:00,"b5","l","interspace","3","lc","east","NA",2022-02-14,10,12.77,0,0
2022-02-14 11:00:00,"b5","l","interspace","3","lc","east","NA",2022-02-14,11,13.4,0,0
2022-02-14 11:10:00,"b5","l","interspace","3","lc","east","NA",2022-02-14,11,13.81,0,0
2022-02-14 11:20:00,"b5","l","interspace","3","lc","east","NA",2022-02-14,11,16.25,0,0
2022-02-14 11:30:00,"b5","l","interspace","3","lc","east","NA",2022-02-14,11,18.01,0,0
2022-02-14 11:40:00,"b5","l","interspace","3","lc","east","NA",2022-02-14,11,19.68,0,0
2022-02-14 11:50:00,"b5","l","interspace","3","lc","east","NA",2022-02-14,11,21.12,0.097,0.00154618
2022-02-14 12:00:00,"b5","l","interspace","3","lc","east","NA",2022-02-14,12,22.32,0.016,0.00025504
2022-02-14 12:10:00,"b5","l","interspace","3","lc","east","NA",2022-02-14,12,23.6,0.027,0.00043038
2022-02-14 12:20:00,"b5","l","interspace","3","lc","east","NA",2022-02-14,12,24.71,0.03,0.0004782
2022-02-14 12:30:00,"b5","l","interspace","3","lc","east","NA",2022-02-14,12,25.69,0,0
2022-02-14 12:40:00,"b5","l","interspace","3","lc","east","NA",2022-02-14,12,26.45,0,0
2022-02-14 12:50:00,"b5","l","interspace","3","lc","east","NA",2022-02-14,12,27.33,0.017,0.00027098
2022-02-14 13:00:00,"b5","l","interspace","3","lc","east","NA",2022-02-14,13,28.21,0,0
2022-02-14 13:10:00,"b5","l","interspace","3","lc","east","NA",2022-02-14,13,28.89,0.007,0.00011158
2022-02-14 13:20:00,"b5","l","interspace","3","lc","east","NA",2022-02-14,13,29.62,0.013,0.00020722
2022-02-14 13:30:00,"b5","l","interspace","3","lc","east","NA",2022-02-14,13,30.19,0,0
2022-02-14 13:40:00,"b5","l","interspace","3","lc","east","NA",2022-02-14,13,30.8,0,0
2022-02-14 13:50:00,"b5","l","interspace","3","lc","east","NA",2022-02-14,13,31.1,0,0
2022-02-14 14:00:00,"b5","l","interspace","3","lc","east","NA",2022-02-14,14,31.57,0,0
2022-02-14 14:10:00,"b5","l","interspace","3","lc","east","NA",2022-02-14,14,31.85,0,0
2022-02-14 14:20:00,"b5","l","interspace","3","lc","east","NA",2022-02-14,14,32.01,0,0
2022-02-14 14:30:00,"b5","l","interspace","3","lc","east","NA",2022-02-14,14,31.85,0.008,0.00012752
2022-02-14 14:40:00,"b5","l","interspace","3","lc","east","NA",2022-02-14,14,30.85,0.009,0.00014346
2022-02-14 14:50:00,"b5","l","interspace","3","lc","east","NA",2022-02-14,14,29.45,0.061,0.00097234
2022-02-13 10:00:00,"b5","w","interspace","3","moss","east","NA",2022-02-13,10,-6.714,0,0
2022-02-13 10:10:00,"b5","w","interspace","3","moss","east","NA",2022-02-13,10,-6.727,0,0
2022-02-13 10:20:00,"b5","w","interspace","3","moss","east","NA",2022-02-13,10,-6.536,0,0
2022-02-13 10:30:00,"b5","w","interspace","3","moss","east","NA",2022-02-13,10,-4.554,0,0
2022-02-13 10:40:00,"b5","w","interspace","3","moss","east","NA",2022-02-13,10,-0.646,0,0
2022-02-13 10:50:00,"b5","w","interspace","3","moss","east","NA",2022-02-13,10,1.639,0,0
2022-02-13 11:00:00,"b5","w","interspace","3","moss","east","NA",2022-02-13,11,4.5,0,0
2022-02-13 11:10:00,"b5","w","interspace","3","moss","east","NA",2022-02-13,11,6.144,0,0
2022-02-13 11:20:00,"b5","w","interspace","3","moss","east","NA",2022-02-13,11,8.31,0,0
2022-02-13 11:30:00,"b5","w","interspace","3","moss","east","NA",2022-02-13,11,10.46,0,0
2022-02-13 11:40:00,"b5","w","interspace","3","moss","east","NA",2022-02-13,11,11.2,0,0
2022-02-13 11:50:00,"b5","w","interspace","3","moss","east","NA",2022-02-13,11,12.21,0.085,0.0013549
2022-02-13 12:00:00,"b5","w","interspace","3","moss","east","NA",2022-02-13,12,13.81,0.05,0.000797
2022-02-13 12:10:00,"b5","w","interspace","3","moss","east","NA",2022-02-13,12,14.95,0.025,0.0003985
2022-02-13 12:20:00,"b5","w","interspace","3","moss","east","NA",2022-02-13,12,16.16,0.03,0.0004782
2022-02-13 12:30:00,"b5","w","interspace","3","moss","east","NA",2022-02-13,12,17.17,0,0
2022-02-13 12:40:00,"b5","w","interspace","3","moss","east","NA",2022-02-13,12,18.01,0,0
2022-02-13 12:50:00,"b5","w","interspace","3","moss","east","NA",2022-02-13,12,15.24,0.018,0.00028692
2022-02-13 13:00:00,"b5","w","interspace","3","moss","east","NA",2022-02-13,13,18.76,0.025,0.0003985
2022-02-13 13:10:00,"b5","w","interspace","3","moss","east","NA",2022-02-13,13,19.89,0,0
2022-02-13 13:20:00,"b5","w","interspace","3","moss","east","NA",2022-02-13,13,21.2,0,0
2022-02-13 13:30:00,"b5","w","interspace","3","moss","east","NA",2022-02-13,13,21.34,0.033,0.00052602
2022-02-13 13:40:00,"b5","w","interspace","3","moss","east","NA",2022-02-13,13,22.15,0.047,0.00074918
2022-02-13 13:50:00,"b5","w","interspace","3","moss","east","NA",2022-02-13,13,21.49,0,0
2022-02-13 14:00:00,"b5","w","interspace","3","moss","east","NA",2022-02-13,14,21.69,0.003,4.782e-05
2022-02-13 14:10:00,"b5","w","interspace","3","moss","east","NA",2022-02-13,14,21.82,0,0
2022-02-13 14:20:00,"b5","w","interspace","3","moss","east","NA",2022-02-13,14,22.62,0,0
2022-02-13 14:30:00,"b5","w","interspace","3","moss","east","NA",2022-02-13,14,23.37,0,0
2022-02-13 14:40:00,"b5","w","interspace","3","moss","east","NA",2022-02-13,14,23.52,0,0
2022-02-13 14:50:00,"b5","w","interspace","3","moss","east","NA",2022-02-13,14,23.42,0,0
2022-02-14 10:00:00,"b5","w","interspace","3","moss","east","NA",2022-02-14,10,-6.973,0,0
2022-02-14 10:10:00,"b5","w","interspace","3","moss","east","NA",2022-02-14,10,-6.667,0,0
2022-02-14 10:20:00,"b5","w","interspace","3","moss","east","NA",2022-02-14,10,-6.388,0,0
2022-02-14 10:30:00,"b5","w","interspace","3","moss","east","NA",2022-02-14,10,-3.441,0,0
2022-02-14 10:40:00,"b5","w","interspace","3","moss","east","NA",2022-02-14,10,-0.063,0,0
2022-02-14 10:50:00,"b5","w","interspace","3","moss","east","NA",2022-02-14,10,2.148,0,0
2022-02-14 11:00:00,"b5","w","interspace","3","moss","east","NA",2022-02-14,11,4.74,0,0
2022-02-14 11:10:00,"b5","w","interspace","3","moss","east","NA",2022-02-14,11,6.685,0,0
2022-02-14 11:20:00,"b5","w","interspace","3","moss","east","NA",2022-02-14,11,9.47,0,0
2022-02-14 11:30:00,"b5","w","interspace","3","moss","east","NA",2022-02-14,11,11.65,0,0
2022-02-14 11:40:00,"b5","w","interspace","3","moss","east","NA",2022-02-14,11,12.58,0,0
2022-02-14 11:50:00,"b5","w","interspace","3","moss","east","NA",2022-02-14,11,13.79,0.084,0.00133896
2022-02-14 12:00:00,"b5","w","interspace","3","moss","east","NA",2022-02-14,12,15.4,0.016,0.00025504
2022-02-14 12:10:00,"b5","w","interspace","3","moss","east","NA",2022-02-14,12,16.4,0.027,0.00043038
2022-02-14 12:20:00,"b5","w","interspace","3","moss","east","NA",2022-02-14,12,18.04,0.03,0.0004782
2022-02-14 12:30:00,"b5","w","interspace","3","moss","east","NA",2022-02-14,12,18.43,0,0
2022-02-14 12:40:00,"b5","w","interspace","3","moss","east","NA",2022-02-14,12,18.5,0,0
2022-02-14 12:50:00,"b5","w","interspace","3","moss","east","NA",2022-02-14,12,16.07,0.03,0.0004782
2022-02-14 13:00:00,"b5","w","interspace","3","moss","east","NA",2022-02-14,13,19.25,0,0
2022-02-14 13:10:00,"b5","w","interspace","3","moss","east","NA",2022-02-14,13,20.13,0.007,0.00011158
2022-02-14 13:20:00,"b5","w","interspace","3","moss","east","NA",2022-02-14,13,21.66,0.027,0.00043038
2022-02-14 13:30:00,"b5","w","interspace","3","moss","east","NA",2022-02-14,13,21.72,0.036,0.00057384
2022-02-14 13:40:00,"b5","w","interspace","3","moss","east","NA",2022-02-14,13,22.52,0.002,3.188e-05
2022-02-14 13:50:00,"b5","w","interspace","3","moss","east","NA",2022-02-14,13,23.09,0,0
2022-02-14 14:00:00,"b5","w","interspace","3","moss","east","NA",2022-02-14,14,22.74,0,0
2022-02-14 14:10:00,"b5","w","interspace","3","moss","east","NA",2022-02-14,14,23.43,0,0
2022-02-14 14:20:00,"b5","w","interspace","3","moss","east","NA",2022-02-14,14,23.53,0,0
2022-02-14 14:30:00,"b5","w","interspace","3","moss","east","NA",2022-02-14,14,23.7,0.008,0.00012752
2022-02-14 14:40:00,"b5","w","interspace","3","moss","east","NA",2022-02-14,14,23.68,0.009,0.00014346
2022-02-14 14:50:00,"b5","w","interspace","3","moss","east","NA",2022-02-14,14,22.57,0.061,0.00097234
