Dir,Plot,Tmp,Wtr,Treat,Rep,Loc,File
Plot_1meter,B1,L,C,LC,1,1,0
Plot_1meter,B1,L,C,LC,2,1,1
Plot_1meter,B1,L,C,LC,3,1,2
Plot_1meter,B1,L,C,LC,1,2,3
Plot_1meter,B1,L,C,LC,2,2,4
Plot_1meter,B1,L,C,LC,3,2,5
Plot_1meter,B1,L,C,LC,1,3,6
Plot_1meter,B1,L,C,LC,2,3,7
Plot_1meter,B1,L,C,LC,3,3,8
Plot_1meter,B1,L,C,LC,1,4,9
Plot_1meter,B1,L,C,LC,2,4,10
Plot_1meter,B1,L,C,LC,3,4,11
Plot_1meter,B1,L,C,LC,1,5,12
Plot_1meter,B1,L,C,LC,2,5,13
Plot_1meter,B1,L,C,LC,3,5,14
Plot_1meter,B1,L,C,LC,1,6,15
Plot_1meter,B1,L,C,LC,2,6,16
Plot_1meter,B1,L,C,LC,3,6,17
Plot_1meter,B1,L,C,LC,1,7,18
Plot_1meter,B1,L,C,LC,2,7,19
Plot_1meter,B1,L,C,LC,3,7,20
Plot_1meter,B1,L,C,LC,1,8,21
Plot_1meter,B1,L,C,LC,2,8,22
Plot_1meter,B1,L,C,LC,3,8,23
Plot_1meter,B1,L,C,LC,1,9,24
Plot_1meter,B1,L,C,LC,2,9,25
Plot_1meter,B1,L,C,LC,3,9,26
Plot_1meter,B1,L,C,LC,1,10,27
Plot_1meter,B1,L,C,LC,2,10,28
Plot_1meter,B1,L,C,LC,3,10,29
Plot_1meter,B1,L,C,LC,1,11,30
Plot_1meter,B1,L,C,LC,2,11,31
Plot_1meter,B1,L,C,LC,3,11,32
Plot_1meter,B1,L,C,LC,1,12,33
Plot_1meter,B1,L,C,LC,2,12,34
Plot_1meter,B1,L,C,LC,3,12,35
Plot_1meter,B1,L,C,LC,1,13,36
Plot_1meter,B1,L,C,LC,2,13,37
Plot_1meter,B1,L,C,LC,3,13,38
Plot_1meter,B1,L,C,LC,1,14,39
Plot_1meter,B1,L,C,LC,2,14,40
Plot_1meter,B1,L,C,LC,3,14,41
Plot_1meter,B1,L,C,LC,1,15,42
Plot_1meter,B1,L,C,LC,2,15,43
Plot_1meter,B1,L,C,LC,3,15,44
Plot_1meter,B1,L,W,LW,1,1,90
Plot_1meter,B1,L,W,LW,2,1,91
Plot_1meter,B1,L,W,LW,3,1,92
Plot_1meter,B1,L,W,LW,1,2,93
Plot_1meter,B1,L,W,LW,2,2,94
Plot_1meter,B1,L,W,LW,3,2,95
Plot_1meter,B1,L,W,LW,1,3,96
Plot_1meter,B1,L,W,LW,2,3,97
Plot_1meter,B1,L,W,LW,3,3,98
Plot_1meter,B1,L,W,LW,1,4,99
Plot_1meter,B1,L,W,LW,2,4,100
Plot_1meter,B1,L,W,LW,3,4,101
Plot_1meter,B1,L,W,LW,1,5,102
Plot_1meter,B1,L,W,LW,2,5,103
Plot_1meter,B1,L,W,LW,3,5,104
Plot_1meter,B1,L,W,LW,1,6,105
Plot_1meter,B1,L,W,LW,2,6,106
Plot_1meter,B1,L,W,LW,3,6,107
Plot_1meter,B1,L,W,LW,1,7,108
Plot_1meter,B1,L,W,LW,2,7,109
Plot_1meter,B1,L,W,LW,3,7,110
Plot_1meter,B1,L,W,LW,1,8,111
Plot_1meter,B1,L,W,LW,2,8,112
Plot_1meter,B1,L,W,LW,3,8,113
Plot_1meter,B1,L,W,LW,1,9,114
Plot_1meter,B1,L,W,LW,2,9,115
Plot_1meter,B1,L,W,LW,3,9,116
Plot_1meter,B1,L,W,LW,1,10,117
Plot_1meter,B1,L,W,LW,2,10,118
Plot_1meter,B1,L,W,LW,3,10,119
Plot_1meter,B1,L,W,LW,1,11,120
Plot_1meter,B1,L,W,LW,2,11,121
Plot_1meter,B1,L,W,LW,3,11,122
Plot_1meter,B1,L,W,LW,1,12,123
Plot_1meter,B1,L,W,LW,2,12,124
Plot_1meter,B1,L,W,LW,3,12,125
Plot_1meter,B1,L,W,LW,1,13,126
Plot_1meter,B1,L,W,LW,2,13,127
Plot_1meter,B1,L,W,LW,3,13,128
Plot_1meter,B1,L,W,LW,1,14,129
Plot_1meter,B1,L,W,LW,2,14,130
Plot_1meter,B1,L,W,LW,3,14,131
Plot_1meter,B1,L,W,LW,1,15,132
Plot_1meter,B1,L,W,LW,2,15,133
Plot_1meter,B1,L,W,LW,3,15,134
Plot_1meter,B1,C,C,CC,1,1,180
Plot_1meter,B1,C,C,CC,2,1,181
Plot_1meter,B1,C,C,CC,3,1,182
Plot_1meter,B1,C,C,CC,1,2,183
Plot_1meter,B1,C,C,CC,2,2,184
Plot_1meter,B1,C,C,CC,3,2,185
Plot_1meter,B1,C,C,CC,1,3,186
Plot_1meter,B1,C,C,CC,2,3,187
Plot_1meter,B1,C,C,CC,3,3,188
Plot_1meter,B1,C,C,CC,1,4,189
Plot_1meter,B1,C,C,CC,2,4,190
Plot_1meter,B1,C,C,CC,3,4,191
Plot_1meter,B1,C,C,CC,1,5,192
Plot_1meter,B1,C,C,CC,2,5,193
Plot_1meter,B1,C,C,CC,3,5,194
Plot_1meter,B1,C,C,CC,1,6,195
Plot_1meter,B1,C,C,CC,2,6,196
Plot_1meter,B1,C,C,CC,3,6,197
Plot_1meter,B1,C,C,CC,1,7,198
Plot_1meter,B1,C,C,CC,2,7,199
Plot_1meter,B1,C,C,CC,3,7,200
Plot_1meter,B1,C,C,CC,1,8,201
Plot_1meter,B1,C,C,CC,2,8,202
Plot_1meter,B1,C,C,CC,3,8,203
Plot_1meter,B1,C,C,CC,1,9,204
Plot_1meter,B1,C,C,CC,2,9,205
Plot_1meter,B1,C,C,CC,3,9,206
Plot_1meter,B1,C,C,CC,1,10,207
Plot_1meter,B1,C,C,CC,2,10,208
Plot_1meter,B1,C,C,CC,3,10,209
Plot_1meter,B1,C,C,CC,1,11,210
Plot_1meter,B1,C,C,CC,2,11,211
Plot_1meter,B1,C,C,CC,3,11,212
Plot_1meter,B1,C,C,CC,1,12,213
Plot_1meter,B1,C,C,CC,2,12,214
Plot_1meter,B1,C,C,CC,3,12,215
Plot_1meter,B1,C,C,CC,1,13,216
Plot_1meter,B1,C,C,CC,2,13,217
Plot_1meter,B1,C,C,CC,3,13,218
Plot_1meter,B1,C,C,CC,1,14,219
Plot_1meter,B1,C,C,CC,2,14,220
Plot_1meter,B1,C,C,CC,3,14,221
Plot_1meter,B1,C,C,CC,1,15,222
Plot_1meter,B1,C,C,CC,2,15,223
Plot_1meter,B1,C,C,CC,3,15,224
Plot_1meter,B1,C,W,CW,1,1,270
Plot_1meter,B1,C,W,CW,2,1,271
Plot_1meter,B1,C,W,CW,3,1,272
Plot_1meter,B1,C,W,CW,1,2,273
Plot_1meter,B1,C,W,CW,2,2,274
Plot_1meter,B1,C,W,CW,3,2,275
Plot_1meter,B1,C,W,CW,1,3,276
Plot_1meter,B1,C,W,CW,2,3,277
Plot_1meter,B1,C,W,CW,3,3,278
Plot_1meter,B1,C,W,CW,1,4,279
Plot_1meter,B1,C,W,CW,2,4,280
Plot_1meter,B1,C,W,CW,3,4,281
Plot_1meter,B1,C,W,CW,1,5,282
Plot_1meter,B1,C,W,CW,2,5,283
Plot_1meter,B1,C,W,CW,3,5,284
Plot_1meter,B1,C,W,CW,1,6,285
Plot_1meter,B1,C,W,CW,2,6,286
Plot_1meter,B1,C,W,CW,3,6,287
Plot_1meter,B1,C,W,CW,1,7,289
Plot_1meter,B1,C,W,CW,2,7,290
Plot_1meter,B1,C,W,CW,3,7,291
Plot_1meter,B1,C,W,CW,1,8,292
Plot_1meter,B1,C,W,CW,2,8,293
Plot_1meter,B1,C,W,CW,3,8,294
Plot_1meter,B1,C,W,CW,1,9,295
Plot_1meter,B1,C,W,CW,2,9,296
Plot_1meter,B1,C,W,CW,3,9,297
Plot_1meter,B1,C,W,CW,1,10,298
Plot_1meter,B1,C,W,CW,2,10,299
Plot_1meter,B1,C,W,CW,3,10,300
Plot_1meter,B1,C,W,CW,1,11,301
Plot_1meter,B1,C,W,CW,2,11,302
Plot_1meter,B1,C,W,CW,3,11,303
Plot_1meter,B1,C,W,CW,1,12,304
Plot_1meter,B1,C,W,CW,2,12,305
Plot_1meter,B1,C,W,CW,3,12,306
Plot_1meter,B1,C,W,CW,1,13,307
Plot_1meter,B1,C,W,CW,2,13,308
Plot_1meter,B1,C,W,CW,3,13,309
Plot_1meter,B1,C,W,CW,1,14,310
Plot_1meter,B1,C,W,CW,2,14,311
Plot_1meter,B1,C,W,CW,3,14,312
Plot_1meter,B1,C,W,CW,1,15,313
Plot_1meter,B1,C,W,CW,2,15,314
Plot_1meter,B1,C,W,CW,3,15,315
Plot_1meter,B2,C,C,CC,1,1,360
Plot_1meter,B2,C,C,CC,2,1,361
Plot_1meter,B2,C,C,CC,3,1,362
Plot_1meter,B2,C,C,CC,1,2,363
Plot_1meter,B2,C,C,CC,2,2,364
Plot_1meter,B2,C,C,CC,3,2,365
Plot_1meter,B2,C,C,CC,1,3,366
Plot_1meter,B2,C,C,CC,2,3,367
Plot_1meter,B2,C,C,CC,3,3,368
Plot_1meter,B2,C,C,CC,1,4,369
Plot_1meter,B2,C,C,CC,2,4,370
Plot_1meter,B2,C,C,CC,3,4,371
Plot_1meter,B2,C,C,CC,1,5,372
Plot_1meter,B2,C,C,CC,2,5,373
Plot_1meter,B2,C,C,CC,3,5,374
Plot_1meter,B2,C,C,CC,1,6,375
Plot_1meter,B2,C,C,CC,2,6,376
Plot_1meter,B2,C,C,CC,3,6,377
Plot_1meter,B2,C,C,CC,1,7,378
Plot_1meter,B2,C,C,CC,2,7,379
Plot_1meter,B2,C,C,CC,3,7,380
Plot_1meter,B2,C,C,CC,1,8,381
Plot_1meter,B2,C,C,CC,2,8,382
Plot_1meter,B2,C,C,CC,3,8,383
Plot_1meter,B2,C,C,CC,1,9,384
Plot_1meter,B2,C,C,CC,2,9,385
Plot_1meter,B2,C,C,CC,3,9,386
Plot_1meter,B2,C,C,CC,1,10,387
Plot_1meter,B2,C,C,CC,2,10,388
Plot_1meter,B2,C,C,CC,3,10,389
Plot_1meter,B2,C,C,CC,1,11,390
Plot_1meter,B2,C,C,CC,2,11,391
Plot_1meter,B2,C,C,CC,3,11,392
Plot_1meter,B2,C,C,CC,1,12,393
Plot_1meter,B2,C,C,CC,2,12,394
Plot_1meter,B2,C,C,CC,3,12,395
Plot_1meter,B2,C,C,CC,1,13,396
Plot_1meter,B2,C,C,CC,2,13,397
Plot_1meter,B2,C,C,CC,3,13,398
Plot_1meter,B2,C,C,CC,1,14,399
Plot_1meter,B2,C,C,CC,2,14,400
Plot_1meter,B2,C,C,CC,3,14,401
Plot_1meter,B2,C,C,CC,1,15,402
Plot_1meter,B2,C,C,CC,2,15,403
Plot_1meter,B2,C,C,CC,3,15,404
Plot_1meter,B2,L,C,LC,1,1,450
Plot_1meter,B2,L,C,LC,2,1,451
Plot_1meter,B2,L,C,LC,3,1,452
Plot_1meter,B2,L,C,LC,1,2,453
Plot_1meter,B2,L,C,LC,2,2,454
Plot_1meter,B2,L,C,LC,3,2,455
Plot_1meter,B2,L,C,LC,1,3,456
Plot_1meter,B2,L,C,LC,2,3,457
Plot_1meter,B2,L,C,LC,3,3,458
Plot_1meter,B2,L,C,LC,1,4,459
Plot_1meter,B2,L,C,LC,2,4,460
Plot_1meter,B2,L,C,LC,3,4,461
Plot_1meter,B2,L,C,LC,1,5,462
Plot_1meter,B2,L,C,LC,2,5,463
Plot_1meter,B2,L,C,LC,3,5,464
Plot_1meter,B2,L,C,LC,1,6,465
Plot_1meter,B2,L,C,LC,2,6,466
Plot_1meter,B2,L,C,LC,3,6,467
Plot_1meter,B2,L,C,LC,1,7,468
Plot_1meter,B2,L,C,LC,2,7,469
Plot_1meter,B2,L,C,LC,3,7,470
Plot_1meter,B2,L,C,LC,1,8,471
Plot_1meter,B2,L,C,LC,2,8,472
Plot_1meter,B2,L,C,LC,3,8,473
Plot_1meter,B2,L,C,LC,1,9,474
Plot_1meter,B2,L,C,LC,2,9,475
Plot_1meter,B2,L,C,LC,3,9,476
Plot_1meter,B2,L,C,LC,1,10,477
Plot_1meter,B2,L,C,LC,2,10,478
Plot_1meter,B2,L,C,LC,3,10,479
Plot_1meter,B2,L,C,LC,1,11,480
Plot_1meter,B2,L,C,LC,2,11,481
Plot_1meter,B2,L,C,LC,3,11,482
Plot_1meter,B2,L,C,LC,1,12,483
Plot_1meter,B2,L,C,LC,2,12,484
Plot_1meter,B2,L,C,LC,3,12,485
Plot_1meter,B2,L,C,LC,1,13,486
Plot_1meter,B2,L,C,LC,2,13,487
Plot_1meter,B2,L,C,LC,3,13,488
Plot_1meter,B2,L,C,LC,1,14,489
Plot_1meter,B2,L,C,LC,2,14,490
Plot_1meter,B2,L,C,LC,3,14,491
Plot_1meter,B2,L,C,LC,1,15,492
Plot_1meter,B2,L,C,LC,2,15,493
Plot_1meter,B2,L,C,LC,3,15,494
Plot_1meter,B2,L,W,LW,1,1,540
Plot_1meter,B2,L,W,LW,2,1,541
Plot_1meter,B2,L,W,LW,3,1,542
Plot_1meter,B2,L,W,LW,1,2,543
Plot_1meter,B2,L,W,LW,2,2,544
Plot_1meter,B2,L,W,LW,3,2,545
Plot_1meter,B2,L,W,LW,1,3,546
Plot_1meter,B2,L,W,LW,2,3,547
Plot_1meter,B2,L,W,LW,3,3,548
Plot_1meter,B2,L,W,LW,1,4,549
Plot_1meter,B2,L,W,LW,2,4,550
Plot_1meter,B2,L,W,LW,3,4,551
Plot_1meter,B2,L,W,LW,1,5,552
Plot_1meter,B2,L,W,LW,2,5,553
Plot_1meter,B2,L,W,LW,3,5,554
Plot_1meter,B2,L,W,LW,1,6,555
Plot_1meter,B2,L,W,LW,2,6,556
Plot_1meter,B2,L,W,LW,3,6,557
Plot_1meter,B2,L,W,LW,1,7,558
Plot_1meter,B2,L,W,LW,2,7,559
Plot_1meter,B2,L,W,LW,3,7,560
Plot_1meter,B2,L,W,LW,1,8,561
Plot_1meter,B2,L,W,LW,2,8,562
Plot_1meter,B2,L,W,LW,3,8,563
Plot_1meter,B2,L,W,LW,1,9,564
Plot_1meter,B2,L,W,LW,2,9,565
Plot_1meter,B2,L,W,LW,3,9,566
Plot_1meter,B2,L,W,LW,1,10,567
Plot_1meter,B2,L,W,LW,2,10,568
Plot_1meter,B2,L,W,LW,3,10,569
Plot_1meter,B2,L,W,LW,1,11,570
Plot_1meter,B2,L,W,LW,2,11,571
Plot_1meter,B2,L,W,LW,3,11,572
Plot_1meter,B2,L,W,LW,1,12,573
Plot_1meter,B2,L,W,LW,2,12,574
Plot_1meter,B2,L,W,LW,3,12,575
Plot_1meter,B2,L,W,LW,1,13,576
Plot_1meter,B2,L,W,LW,2,13,577
Plot_1meter,B2,L,W,LW,3,13,578
Plot_1meter,B2,L,W,LW,1,14,579
Plot_1meter,B2,L,W,LW,2,14,580
Plot_1meter,B2,L,W,LW,3,14,581
Plot_1meter,B2,L,W,LW,1,15,582
Plot_1meter,B2,L,W,LW,2,15,583
Plot_1meter,B2,L,W,LW,3,15,584
Plot_1meter,B2,C,W,CW,1,1,630
Plot_1meter,B2,C,W,CW,2,1,631
Plot_1meter,B2,C,W,CW,3,1,632
Plot_1meter,B2,C,W,CW,1,2,633
Plot_1meter,B2,C,W,CW,2,2,634
Plot_1meter,B2,C,W,CW,3,2,635
Plot_1meter,B2,C,W,CW,1,3,636
Plot_1meter,B2,C,W,CW,2,3,637
Plot_1meter,B2,C,W,CW,3,3,638
Plot_1meter,B2,C,W,CW,1,4,639
Plot_1meter,B2,C,W,CW,2,4,640
Plot_1meter,B2,C,W,CW,3,4,641
Plot_1meter,B2,C,W,CW,1,5,642
Plot_1meter,B2,C,W,CW,2,5,643
Plot_1meter,B2,C,W,CW,3,5,644
Plot_1meter,B2,C,W,CW,1,6,645
Plot_1meter,B2,C,W,CW,2,6,646
Plot_1meter,B2,C,W,CW,3,6,647
Plot_1meter,B2,C,W,CW,1,7,648
Plot_1meter,B2,C,W,CW,2,7,649
Plot_1meter,B2,C,W,CW,3,7,650
Plot_1meter,B2,C,W,CW,1,8,651
Plot_1meter,B2,C,W,CW,2,8,652
Plot_1meter,B2,C,W,CW,3,8,653
Plot_1meter,B2,C,W,CW,1,9,654
Plot_1meter,B2,C,W,CW,2,9,655
Plot_1meter,B2,C,W,CW,3,9,656
Plot_1meter,B2,C,W,CW,1,10,657
Plot_1meter,B2,C,W,CW,2,10,658
Plot_1meter,B2,C,W,CW,3,10,659
Plot_1meter,B2,C,W,CW,1,11,660
Plot_1meter,B2,C,W,CW,2,11,661
Plot_1meter,B2,C,W,CW,3,11,662
Plot_1meter,B2,C,W,CW,1,12,663
Plot_1meter,B2,C,W,CW,2,12,664
Plot_1meter,B2,C,W,CW,3,12,665
Plot_1meter,B2,C,W,CW,1,13,666
Plot_1meter,B2,C,W,CW,2,13,667
Plot_1meter,B2,C,W,CW,3,13,668
Plot_1meter,B2,C,W,CW,1,14,669
Plot_1meter,B2,C,W,CW,2,14,670
Plot_1meter,B2,C,W,CW,3,14,671
Plot_1meter,B2,C,W,CW,1,15,672
Plot_1meter,B2,C,W,CW,2,15,673
Plot_1meter,B2,C,W,CW,3,15,674
Plot_1meter,B3,C,C,CC,1,1,720
Plot_1meter,B3,C,C,CC,2,1,721
Plot_1meter,B3,C,C,CC,3,1,722
Plot_1meter,B3,C,C,CC,1,2,723
Plot_1meter,B3,C,C,CC,2,2,724
Plot_1meter,B3,C,C,CC,3,2,725
Plot_1meter,B3,C,C,CC,1,3,726
Plot_1meter,B3,C,C,CC,2,3,727
Plot_1meter,B3,C,C,CC,3,3,728
Plot_1meter,B3,C,C,CC,1,4,729
Plot_1meter,B3,C,C,CC,2,4,730
Plot_1meter,B3,C,C,CC,3,4,731
Plot_1meter,B3,C,C,CC,1,5,732
Plot_1meter,B3,C,C,CC,2,5,733
Plot_1meter,B3,C,C,CC,3,5,734
Plot_1meter,B3,C,C,CC,1,6,735
Plot_1meter,B3,C,C,CC,2,6,736
Plot_1meter,B3,C,C,CC,3,6,737
Plot_1meter,B3,C,C,CC,1,7,738
Plot_1meter,B3,C,C,CC,2,7,739
Plot_1meter,B3,C,C,CC,3,7,740
Plot_1meter,B3,C,C,CC,1,8,741
Plot_1meter,B3,C,C,CC,2,8,742
Plot_1meter,B3,C,C,CC,3,8,743
Plot_1meter,B3,C,C,CC,1,9,744
Plot_1meter,B3,C,C,CC,2,9,745
Plot_1meter,B3,C,C,CC,3,9,746
Plot_1meter,B3,C,C,CC,1,10,747
Plot_1meter,B3,C,C,CC,2,10,748
Plot_1meter,B3,C,C,CC,3,10,749
Plot_1meter,B3,C,C,CC,1,11,750
Plot_1meter,B3,C,C,CC,2,11,751
Plot_1meter,B3,C,C,CC,3,11,752
Plot_1meter,B3,C,C,CC,1,12,753
Plot_1meter,B3,C,C,CC,2,12,754
Plot_1meter,B3,C,C,CC,3,12,755
Plot_1meter,B3,C,C,CC,1,13,756
Plot_1meter,B3,C,C,CC,2,13,757
Plot_1meter,B3,C,C,CC,3,13,758
Plot_1meter,B3,C,C,CC,1,14,759
Plot_1meter,B3,C,C,CC,2,14,760
Plot_1meter,B3,C,C,CC,3,14,761
Plot_1meter,B3,C,C,CC,1,15,762
Plot_1meter,B3,C,C,CC,2,15,763
Plot_1meter,B3,C,C,CC,3,15,764
Plot_1meter,B3,L,C,LC,1,1,810
Plot_1meter,B3,L,C,LC,2,1,811
Plot_1meter,B3,L,C,LC,3,1,812
Plot_1meter,B3,L,C,LC,1,2,813
Plot_1meter,B3,L,C,LC,2,2,814
Plot_1meter,B3,L,C,LC,3,2,815
Plot_1meter,B3,L,C,LC,1,3,816
Plot_1meter,B3,L,C,LC,2,3,817
Plot_1meter,B3,L,C,LC,3,3,818
Plot_1meter,B3,L,C,LC,1,4,819
Plot_1meter,B3,L,C,LC,2,4,820
Plot_1meter,B3,L,C,LC,3,4,821
Plot_1meter,B3,L,C,LC,1,5,822
Plot_1meter,B3,L,C,LC,2,5,823
Plot_1meter,B3,L,C,LC,3,5,824
Plot_1meter,B3,L,C,LC,1,6,825
Plot_1meter,B3,L,C,LC,2,6,826
Plot_1meter,B3,L,C,LC,3,6,827
Plot_1meter,B3,L,C,LC,1,7,828
Plot_1meter,B3,L,C,LC,2,7,829
Plot_1meter,B3,L,C,LC,3,7,830
Plot_1meter,B3,L,C,LC,1,8,831
Plot_1meter,B3,L,C,LC,2,8,832
Plot_1meter,B3,L,C,LC,3,8,833
Plot_1meter,B3,L,C,LC,1,9,834
Plot_1meter,B3,L,C,LC,2,9,835
Plot_1meter,B3,L,C,LC,3,9,836
Plot_1meter,B3,L,C,LC,1,10,837
Plot_1meter,B3,L,C,LC,2,10,838
Plot_1meter,B3,L,C,LC,3,10,839
Plot_1meter,B3,L,C,LC,1,11,840
Plot_1meter,B3,L,C,LC,2,11,841
Plot_1meter,B3,L,C,LC,3,11,842
Plot_1meter,B3,L,C,LC,1,12,843
Plot_1meter,B3,L,C,LC,2,12,844
Plot_1meter,B3,L,C,LC,3,12,845
Plot_1meter,B3,L,C,LC,1,13,846
Plot_1meter,B3,L,C,LC,2,13,847
Plot_1meter,B3,L,C,LC,3,13,848
Plot_1meter,B3,L,C,LC,1,14,849
Plot_1meter,B3,L,C,LC,2,14,850
Plot_1meter,B3,L,C,LC,3,14,851
Plot_1meter,B3,L,C,LC,1,15,852
Plot_1meter,B3,L,C,LC,2,15,853
Plot_1meter,B3,L,C,LC,3,15,854
Plot_1meter,B3,C,W,CW,1,1,916
Plot_1meter,B3,C,W,CW,2,1,917
Plot_1meter,B3,C,W,CW,3,1,918
Plot_1meter,B3,C,W,CW,1,2,919
Plot_1meter,B3,C,W,CW,2,2,920
Plot_1meter,B3,C,W,CW,3,2,921
Plot_1meter,B3,C,W,CW,1,3,922
Plot_1meter,B3,C,W,CW,2,3,923
Plot_1meter,B3,C,W,CW,3,3,924
Plot_1meter,B3,C,W,CW,1,4,925
Plot_1meter,B3,C,W,CW,2,4,926
Plot_1meter,B3,C,W,CW,3,4,927
Plot_1meter,B3,C,W,CW,1,5,928
Plot_1meter,B3,C,W,CW,2,5,929
Plot_1meter,B3,C,W,CW,3,5,930
Plot_1meter,B3,C,W,CW,1,6,931
Plot_1meter,B3,C,W,CW,2,6,932
Plot_1meter,B3,C,W,CW,3,6,933
Plot_1meter,B3,C,W,CW,1,7,934
Plot_1meter,B3,C,W,CW,2,7,935
Plot_1meter,B3,C,W,CW,3,7,936
Plot_1meter,B3,C,W,CW,1,8,937
Plot_1meter,B3,C,W,CW,2,8,938
Plot_1meter,B3,C,W,CW,3,8,939
Plot_1meter,B3,C,W,CW,1,9,940
Plot_1meter,B3,C,W,CW,2,9,941
Plot_1meter,B3,C,W,CW,3,9,942
Plot_1meter,B3,C,W,CW,1,10,943
Plot_1meter,B3,C,W,CW,2,10,944
Plot_1meter,B3,C,W,CW,3,10,945
Plot_1meter,B3,C,W,CW,1,11,946
Plot_1meter,B3,C,W,CW,2,11,947
Plot_1meter,B3,C,W,CW,3,11,948
Plot_1meter,B3,C,W,CW,1,12,949
Plot_1meter,B3,C,W,CW,2,12,950
Plot_1meter,B3,C,W,CW,3,12,951
Plot_1meter,B3,C,W,CW,1,13,952
Plot_1meter,B3,C,W,CW,2,13,953
Plot_1meter,B3,C,W,CW,3,13,954
Plot_1meter,B3,C,W,CW,1,14,955
Plot_1meter,B3,C,W,CW,2,14,956
Plot_1meter,B3,C,W,CW,3,14,957
Plot_1meter,B3,C,W,CW,1,15,958
Plot_1meter,B3,C,W,CW,2,15,959
Plot_1meter,B3,C,W,CW,3,15,960
Plot_1meter,B3,L,W,LW,1,1,1006
Plot_1meter,B3,L,W,LW,2,1,1007
Plot_1meter,B3,L,W,LW,3,1,1008
Plot_1meter,B3,L,W,LW,1,2,1009
Plot_1meter,B3,L,W,LW,2,2,1010
Plot_1meter,B3,L,W,LW,3,2,1011
Plot_1meter,B3,L,W,LW,1,3,1012
Plot_1meter,B3,L,W,LW,2,3,1013
Plot_1meter,B3,L,W,LW,3,3,1014
Plot_1meter,B3,L,W,LW,1,4,1015
Plot_1meter,B3,L,W,LW,2,4,1016
Plot_1meter,B3,L,W,LW,3,4,1017
Plot_1meter,B3,L,W,LW,1,5,1018
Plot_1meter,B3,L,W,LW,2,5,1019
Plot_1meter,B3,L,W,LW,3,5,1020
Plot_1meter,B3,L,W,LW,1,6,1021
Plot_1meter,B3,L,W,LW,2,6,1022
Plot_1meter,B3,L,W,LW,3,6,1023
Plot_1meter,B3,L,W,LW,1,7,1024
Plot_1meter,B3,L,W,LW,2,7,1025
Plot_1meter,B3,L,W,LW,3,7,1026
Plot_1meter,B3,L,W,LW,1,8,1027
Plot_1meter,B3,L,W,LW,2,8,1028
Plot_1meter,B3,L,W,LW,3,8,1029
Plot_1meter,B3,L,W,LW,1,9,1030
Plot_1meter,B3,L,W,LW,2,9,1031
Plot_1meter,B3,L,W,LW,3,9,1032
Plot_1meter,B3,L,W,LW,1,10,1033
Plot_1meter,B3,L,W,LW,2,10,1034
Plot_1meter,B3,L,W,LW,3,10,1035
Plot_1meter,B3,L,W,LW,1,11,1036
Plot_1meter,B3,L,W,LW,2,11,1037
Plot_1meter,B3,L,W,LW,3,11,1038
Plot_1meter,B3,L,W,LW,1,12,1039
Plot_1meter,B3,L,W,LW,2,12,1040
Plot_1meter,B3,L,W,LW,3,12,1041
Plot_1meter,B3,L,W,LW,1,13,1042
Plot_1meter,B3,L,W,LW,2,13,1043
Plot_1meter,B3,L,W,LW,3,13,1044
Plot_1meter,B3,L,W,LW,1,14,1045
Plot_1meter,B3,L,W,LW,2,14,1046
Plot_1meter,B3,L,W,LW,3,14,1047
Plot_1meter,B3,L,W,LW,1,15,1048
Plot_1meter,B3,L,W,LW,2,15,1049
Plot_1meter,B3,L,W,LW,3,15,1050
Plot_1meter,B4,L,C,LC,1,1,1096
Plot_1meter,B4,L,C,LC,2,1,1097
Plot_1meter,B4,L,C,LC,3,1,1098
Plot_1meter,B4,L,C,LC,1,2,1099
Plot_1meter,B4,L,C,LC,2,2,1100
Plot_1meter,B4,L,C,LC,3,2,1101
Plot_1meter,B4,L,C,LC,1,3,1102
Plot_1meter,B4,L,C,LC,2,3,1103
Plot_1meter,B4,L,C,LC,3,3,1104
Plot_1meter,B4,L,C,LC,1,4,1105
Plot_1meter,B4,L,C,LC,2,4,1106
Plot_1meter,B4,L,C,LC,3,4,1107
Plot_1meter,B4,L,C,LC,1,5,1108
Plot_1meter,B4,L,C,LC,2,5,1109
Plot_1meter,B4,L,C,LC,3,5,1110
Plot_1meter,B4,L,C,LC,1,6,1111
Plot_1meter,B4,L,C,LC,2,6,1112
Plot_1meter,B4,L,C,LC,3,6,1113
Plot_1meter,B4,L,C,LC,1,7,1114
Plot_1meter,B4,L,C,LC,2,7,1115
Plot_1meter,B4,L,C,LC,3,7,1116
Plot_1meter,B4,L,C,LC,1,8,1117
Plot_1meter,B4,L,C,LC,2,8,1118
Plot_1meter,B4,L,C,LC,3,8,1119
Plot_1meter,B4,L,C,LC,1,9,1120
Plot_1meter,B4,L,C,LC,2,9,1121
Plot_1meter,B4,L,C,LC,3,9,1122
Plot_1meter,B4,L,C,LC,1,10,1123
Plot_1meter,B4,L,C,LC,2,10,1124
Plot_1meter,B4,L,C,LC,3,10,1125
Plot_1meter,B4,L,C,LC,1,11,1126
Plot_1meter,B4,L,C,LC,2,11,1127
Plot_1meter,B4,L,C,LC,3,11,1128
Plot_1meter,B4,L,C,LC,1,12,1129
Plot_1meter,B4,L,C,LC,2,12,1130
Plot_1meter,B4,L,C,LC,3,12,1131
Plot_1meter,B4,L,C,LC,1,13,1132
Plot_1meter,B4,L,C,LC,2,13,1133
Plot_1meter,B4,L,C,LC,3,13,1134
Plot_1meter,B4,L,C,LC,1,14,1135
Plot_1meter,B4,L,C,LC,2,14,1136
Plot_1meter,B4,L,C,LC,3,14,1137
Plot_1meter,B4,L,C,LC,1,15,1138
Plot_1meter,B4,L,C,LC,2,15,1139
Plot_1meter,B4,L,C,LC,3,15,1140
Plot_1meter,B4,C,C,CC,1,1,1186
Plot_1meter,B4,C,C,CC,2,1,1187
Plot_1meter,B4,C,C,CC,3,1,1188
Plot_1meter,B4,C,C,CC,1,2,1189
Plot_1meter,B4,C,C,CC,2,2,1190
Plot_1meter,B4,C,C,CC,3,2,1191
Plot_1meter,B4,C,C,CC,1,3,1192
Plot_1meter,B4,C,C,CC,2,3,1193
Plot_1meter,B4,C,C,CC,3,3,1194
Plot_1meter,B4,C,C,CC,1,4,1195
Plot_1meter,B4,C,C,CC,2,4,1196
Plot_1meter,B4,C,C,CC,3,4,1197
Plot_1meter,B4,C,C,CC,1,5,1198
Plot_1meter,B4,C,C,CC,2,5,1199
Plot_1meter,B4,C,C,CC,3,5,1200
Plot_1meter,B4,C,C,CC,1,6,1201
Plot_1meter,B4,C,C,CC,2,6,1202
Plot_1meter,B4,C,C,CC,3,6,1203
Plot_1meter,B4,C,C,CC,1,7,1204
Plot_1meter,B4,C,C,CC,2,7,1205
Plot_1meter,B4,C,C,CC,3,7,1206
Plot_1meter,B4,C,C,CC,1,8,1207
Plot_1meter,B4,C,C,CC,2,8,1208
Plot_1meter,B4,C,C,CC,3,8,1209
Plot_1meter,B4,C,C,CC,1,9,1210
Plot_1meter,B4,C,C,CC,2,9,1211
Plot_1meter,B4,C,C,CC,3,9,1212
Plot_1meter,B4,C,C,CC,1,10,1213
Plot_1meter,B4,C,C,CC,2,10,1214
Plot_1meter,B4,C,C,CC,3,10,1215
Plot_1meter,B4,C,C,CC,1,11,1216
Plot_1meter,B4,C,C,CC,2,11,1217
Plot_1meter,B4,C,C,CC,3,11,1218
Plot_1meter,B4,C,C,CC,1,12,1219
Plot_1meter,B4,C,C,CC,2,12,1220
Plot_1meter,B4,C,C,CC,3,12,1221
Plot_1meter,B4,C,C,CC,1,13,1222
Plot_1meter,B4,C,C,CC,2,13,1223
Plot_1meter,B4,C,C,CC,3,13,1224
Plot_1meter,B4,C,C,CC,1,14,1225
Plot_1meter,B4,C,C,CC,2,14,1226
Plot_1meter,B4,C,C,CC,3,14,1227
Plot_1meter,B4,C,C,CC,1,15,1228
Plot_1meter,B4,C,C,CC,2,15,1229
Plot_1meter,B4,C,C,CC,3,15,1230
Plot_1meter,B4,C,W,CW,1,1,1276
Plot_1meter,B4,C,W,CW,2,1,1277
Plot_1meter,B4,C,W,CW,3,1,1278
Plot_1meter,B4,C,W,CW,1,2,1279
Plot_1meter,B4,C,W,CW,2,2,1280
Plot_1meter,B4,C,W,CW,3,2,1281
Plot_1meter,B4,C,W,CW,1,3,1282
Plot_1meter,B4,C,W,CW,2,3,1283
Plot_1meter,B4,C,W,CW,3,3,1284
Plot_1meter,B4,C,W,CW,1,4,1285
Plot_1meter,B4,C,W,CW,2,4,1286
Plot_1meter,B4,C,W,CW,3,4,1287
Plot_1meter,B4,C,W,CW,1,5,1288
Plot_1meter,B4,C,W,CW,2,5,1289
Plot_1meter,B4,C,W,CW,3,5,1290
Plot_1meter,B4,C,W,CW,1,6,1291
Plot_1meter,B4,C,W,CW,2,6,1292
Plot_1meter,B4,C,W,CW,3,6,1293
Plot_1meter,B4,C,W,CW,1,7,1294
Plot_1meter,B4,C,W,CW,2,7,1295
Plot_1meter,B4,C,W,CW,3,7,1296
Plot_1meter,B4,C,W,CW,1,8,1297
Plot_1meter,B4,C,W,CW,2,8,1298
Plot_1meter,B4,C,W,CW,3,8,1299
Plot_1meter,B4,C,W,CW,1,9,1300
Plot_1meter,B4,C,W,CW,2,9,1301
Plot_1meter,B4,C,W,CW,3,9,1302
Plot_1meter,B4,C,W,CW,1,10,1303
Plot_1meter,B4,C,W,CW,2,10,1304
Plot_1meter,B4,C,W,CW,3,10,1305
Plot_1meter,B4,C,W,CW,1,11,1306
Plot_1meter,B4,C,W,CW,2,11,1307
Plot_1meter,B4,C,W,CW,3,11,1308
Plot_1meter,B4,C,W,CW,1,12,1309
Plot_1meter,B4,C,W,CW,2,12,1310
Plot_1meter,B4,C,W,CW,3,12,1311
Plot_1meter,B4,C,W,CW,1,13,1312
Plot_1meter,B4,C,W,CW,2,13,1313
Plot_1meter,B4,C,W,CW,3,13,1314
Plot_1meter,B4,C,W,CW,1,14,1315
Plot_1meter,B4,C,W,CW,2,14,1316
Plot_1meter,B4,C,W,CW,3,14,1317
Plot_1meter,B4,C,W,CW,1,15,1318
Plot_1meter,B4,C,W,CW,2,15,1319
Plot_1meter,B4,C,W,CW,3,15,1320
Plot_1meter,B4,L,W,LW,1,1,1366
Plot_1meter,B4,L,W,LW,2,1,1367
Plot_1meter,B4,L,W,LW,3,1,1368
Plot_1meter,B4,L,W,LW,1,2,1369
Plot_1meter,B4,L,W,LW,2,2,1370
Plot_1meter,B4,L,W,LW,3,2,1371
Plot_1meter,B4,L,W,LW,1,3,1372
Plot_1meter,B4,L,W,LW,2,3,1373
Plot_1meter,B4,L,W,LW,3,3,1374
Plot_1meter,B4,L,W,LW,1,4,1375
Plot_1meter,B4,L,W,LW,2,4,1376
Plot_1meter,B4,L,W,LW,3,4,1377
Plot_1meter,B4,L,W,LW,1,5,1378
Plot_1meter,B4,L,W,LW,2,5,1379
Plot_1meter,B4,L,W,LW,3,5,1380
Plot_1meter,B4,L,W,LW,1,6,1381
Plot_1meter,B4,L,W,LW,2,6,1382
Plot_1meter,B4,L,W,LW,3,6,1383
Plot_1meter,B4,L,W,LW,1,7,1384
Plot_1meter,B4,L,W,LW,2,7,1385
Plot_1meter,B4,L,W,LW,3,7,1386
Plot_1meter,B4,L,W,LW,1,8,1387
Plot_1meter,B4,L,W,LW,2,8,1388
Plot_1meter,B4,L,W,LW,3,8,1389
Plot_1meter,B4,L,W,LW,1,9,1390
Plot_1meter,B4,L,W,LW,2,9,1391
Plot_1meter,B4,L,W,LW,3,9,1392
Plot_1meter,B4,L,W,LW,1,10,1393
Plot_1meter,B4,L,W,LW,2,10,1394
Plot_1meter,B4,L,W,LW,3,10,1395
Plot_1meter,B4,L,W,LW,1,11,1396
Plot_1meter,B4,L,W,LW,2,11,1397
Plot_1meter,B4,L,W,LW,3,11,1398
Plot_1meter,B4,L,W,LW,1,12,1399
Plot_1meter,B4,L,W,LW,2,12,1400
Plot_1meter,B4,L,W,LW,3,12,1401
Plot_1meter,B4,L,W,LW,1,13,1402
Plot_1meter,B4,L,W,LW,2,13,1403
Plot_1meter,B4,L,W,LW,3,13,1404
Plot_1meter,B4,L,W,LW,1,14,1405
Plot_1meter,B4,L,W,LW,2,14,1406
Plot_1meter,B4,L,W,LW,3,14,1407
Plot_1meter,B4,L,W,LW,1,15,1408
Plot_1meter,B4,L,W,LW,2,15,1409
Plot_1meter,B4,L,W,LW,3,15,1410
Plot_1meter,B5,L,C,LC,1,1,1456
Plot_1meter,B5,L,C,LC,2,1,1457
Plot_1meter,B5,L,C,LC,3,1,1458
Plot_1meter,B5,L,C,LC,1,2,1459
Plot_1meter,B5,L,C,LC,2,2,1460
Plot_1meter,B5,L,C,LC,3,2,1461
Plot_1meter,B5,L,C,LC,1,3,1462
Plot_1meter,B5,L,C,LC,2,3,1463
Plot_1meter,B5,L,C,LC,3,3,1464
Plot_1meter,B5,L,C,LC,1,4,1465
Plot_1meter,B5,L,C,LC,2,4,1466
Plot_1meter,B5,L,C,LC,3,4,1467
Plot_1meter,B5,L,C,LC,1,5,1468
Plot_1meter,B5,L,C,LC,2,5,1469
Plot_1meter,B5,L,C,LC,3,5,1470
Plot_1meter,B5,L,C,LC,1,6,1471
Plot_1meter,B5,L,C,LC,2,6,1472
Plot_1meter,B5,L,C,LC,3,6,1473
Plot_1meter,B5,L,C,LC,1,7,1474
Plot_1meter,B5,L,C,LC,2,7,1475
Plot_1meter,B5,L,C,LC,3,7,1476
Plot_1meter,B5,L,C,LC,1,8,1477
Plot_1meter,B5,L,C,LC,2,8,1478
Plot_1meter,B5,L,C,LC,3,8,1479
Plot_1meter,B5,L,C,LC,1,9,1480
Plot_1meter,B5,L,C,LC,2,9,1481
Plot_1meter,B5,L,C,LC,3,9,1482
Plot_1meter,B5,L,C,LC,1,10,1483
Plot_1meter,B5,L,C,LC,2,10,1484
Plot_1meter,B5,L,C,LC,3,10,1485
Plot_1meter,B5,L,C,LC,1,11,1486
Plot_1meter,B5,L,C,LC,2,11,1487
Plot_1meter,B5,L,C,LC,3,11,1488
Plot_1meter,B5,L,C,LC,1,12,1489
Plot_1meter,B5,L,C,LC,2,12,1490
Plot_1meter,B5,L,C,LC,3,12,1491
Plot_1meter,B5,L,C,LC,1,13,1492
Plot_1meter,B5,L,C,LC,2,13,1493
Plot_1meter,B5,L,C,LC,3,13,1494
Plot_1meter,B5,L,C,LC,1,14,1495
Plot_1meter,B5,L,C,LC,2,14,1496
Plot_1meter,B5,L,C,LC,3,14,1497
Plot_1meter,B5,L,C,LC,1,15,1498
Plot_1meter,B5,L,C,LC,2,15,1499
Plot_1meter,B5,L,C,LC,3,15,1500
Plot_1meter,B5,L,W,LW,1,1,1546
Plot_1meter,B5,L,W,LW,2,1,1547
Plot_1meter,B5,L,W,LW,3,1,1548
Plot_1meter,B5,L,W,LW,1,2,1549
Plot_1meter,B5,L,W,LW,2,2,1550
Plot_1meter,B5,L,W,LW,3,2,1551
Plot_1meter,B5,L,W,LW,1,3,1552
Plot_1meter,B5,L,W,LW,2,3,1553
Plot_1meter,B5,L,W,LW,3,3,1554
Plot_1meter,B5,L,W,LW,1,4,1555
Plot_1meter,B5,L,W,LW,2,4,1556
Plot_1meter,B5,L,W,LW,3,4,1557
Plot_1meter,B5,L,W,LW,1,5,1558
Plot_1meter,B5,L,W,LW,2,5,1559
Plot_1meter,B5,L,W,LW,3,5,1560
Plot_1meter,B5,L,W,LW,1,6,1561
Plot_1meter,B5,L,W,LW,2,6,1562
Plot_1meter,B5,L,W,LW,3,6,1563
Plot_1meter,B5,L,W,LW,1,7,1564
Plot_1meter,B5,L,W,LW,2,7,1565
Plot_1meter,B5,L,W,LW,3,7,1566
Plot_1meter,B5,L,W,LW,1,8,1567
Plot_1meter,B5,L,W,LW,2,8,1568
Plot_1meter,B5,L,W,LW,3,8,1569
Plot_1meter,B5,L,W,LW,1,9,1570
Plot_1meter,B5,L,W,LW,2,9,1571
Plot_1meter,B5,L,W,LW,3,9,1572
Plot_1meter,B5,L,W,LW,1,10,1573
Plot_1meter,B5,L,W,LW,2,10,1574
Plot_1meter,B5,L,W,LW,3,10,1575
Plot_1meter,B5,L,W,LW,1,11,1576
Plot_1meter,B5,L,W,LW,2,11,1577
Plot_1meter,B5,L,W,LW,3,11,1578
Plot_1meter,B5,L,W,LW,1,12,1579
Plot_1meter,B5,L,W,LW,2,12,1580
Plot_1meter,B5,L,W,LW,3,12,1581
Plot_1meter,B5,L,W,LW,1,13,1582
Plot_1meter,B5,L,W,LW,2,13,1583
Plot_1meter,B5,L,W,LW,3,13,1584
Plot_1meter,B5,L,W,LW,1,14,1585
Plot_1meter,B5,L,W,LW,2,14,1586
Plot_1meter,B5,L,W,LW,3,14,1587
Plot_1meter,B5,L,W,LW,1,15,1588
Plot_1meter,B5,L,W,LW,2,15,1589
Plot_1meter,B5,L,W,LW,3,15,1590
Plot_1meter,B5,C,W,CW,1,1,1636
Plot_1meter,B5,C,W,CW,2,1,1637
Plot_1meter,B5,C,W,CW,3,1,1638
Plot_1meter,B5,C,W,CW,1,2,1639
Plot_1meter,B5,C,W,CW,2,2,1640
Plot_1meter,B5,C,W,CW,3,2,1641
Plot_1meter,B5,C,W,CW,1,3,1642
Plot_1meter,B5,C,W,CW,2,3,1643
Plot_1meter,B5,C,W,CW,3,3,1644
Plot_1meter,B5,C,W,CW,1,4,1645
Plot_1meter,B5,C,W,CW,2,4,1646
Plot_1meter,B5,C,W,CW,3,4,1647
Plot_1meter,B5,C,W,CW,1,5,1648
Plot_1meter,B5,C,W,CW,2,5,1649
Plot_1meter,B5,C,W,CW,3,5,1650
Plot_1meter,B5,C,W,CW,1,6,1651
Plot_1meter,B5,C,W,CW,2,6,1652
Plot_1meter,B5,C,W,CW,3,6,1653
Plot_1meter,B5,C,W,CW,1,7,1654
Plot_1meter,B5,C,W,CW,2,7,1655
Plot_1meter,B5,C,W,CW,3,7,1656
Plot_1meter,B5,C,W,CW,1,8,1657
Plot_1meter,B5,C,W,CW,2,8,1658
Plot_1meter,B5,C,W,CW,3,8,1659
Plot_1meter,B5,C,W,CW,1,9,1660
Plot_1meter,B5,C,W,CW,2,9,1661
Plot_1meter,B5,C,W,CW,3,9,1662
Plot_1meter,B5,C,W,CW,1,10,1663
Plot_1meter,B5,C,W,CW,2,10,1664
Plot_1meter,B5,C,W,CW,3,10,1665
Plot_1meter,B5,C,W,CW,1,11,1666
Plot_1meter,B5,C,W,CW,2,11,1667
Plot_1meter,B5,C,W,CW,3,11,1668
Plot_1meter,B5,C,W,CW,1,12,1669
Plot_1meter,B5,C,W,CW,2,12,1670
Plot_1meter,B5,C,W,CW,3,12,1671
Plot_1meter,B5,C,W,CW,1,13,1672
Plot_1meter,B5,C,W,CW,2,13,1673
Plot_1meter,B5,C,W,CW,3,13,1674
Plot_1meter,B5,C,W,CW,1,14,1675
Plot_1meter,B5,C,W,CW,2,14,1676
Plot_1meter,B5,C,W,CW,3,14,1677
Plot_1meter,B5,C,W,CW,1,15,1678
Plot_1meter,B5,C,W,CW,2,15,1679
Plot_1meter,B5,C,W,CW,3,15,1680
Plot_1meter,B5,C,C,CC,1,1,1726
Plot_1meter,B5,C,C,CC,2,1,1727
Plot_1meter,B5,C,C,CC,3,1,1728
Plot_1meter,B5,C,C,CC,1,2,1729
Plot_1meter,B5,C,C,CC,2,2,1730
Plot_1meter,B5,C,C,CC,3,2,1731
Plot_1meter,B5,C,C,CC,1,3,1732
Plot_1meter,B5,C,C,CC,2,3,1733
Plot_1meter,B5,C,C,CC,3,3,1734
Plot_1meter,B5,C,C,CC,1,4,1735
Plot_1meter,B5,C,C,CC,2,4,1736
Plot_1meter,B5,C,C,CC,3,4,1737
Plot_1meter,B5,C,C,CC,1,5,1738
Plot_1meter,B5,C,C,CC,2,5,1739
Plot_1meter,B5,C,C,CC,3,5,1740
Plot_1meter,B5,C,C,CC,1,6,1741
Plot_1meter,B5,C,C,CC,2,6,1742
Plot_1meter,B5,C,C,CC,3,6,1743
Plot_1meter,B5,C,C,CC,1,7,1744
Plot_1meter,B5,C,C,CC,2,7,1745
Plot_1meter,B5,C,C,CC,3,7,1746
Plot_1meter,B5,C,C,CC,1,8,1747
Plot_1meter,B5,C,C,CC,2,8,1748
Plot_1meter,B5,C,C,CC,3,8,1749
Plot_1meter,B5,C,C,CC,1,9,1750
Plot_1meter,B5,C,C,CC,2,9,1751
Plot_1meter,B5,C,C,CC,3,9,1752
Plot_1meter,B5,C,C,CC,1,10,1753
Plot_1meter,B5,C,C,CC,2,10,1754
Plot_1meter,B5,C,C,CC,3,10,1755
Plot_1meter,B5,C,C,CC,1,11,1756
Plot_1meter,B5,C,C,CC,2,11,1757
Plot_1meter,B5,C,C,CC,3,11,1758
Plot_1meter,B5,C,C,CC,1,12,1759
Plot_1meter,B5,C,C,CC,2,12,1760
Plot_1meter,B5,C,C,CC,3,12,1761
Plot_1meter,B5,C,C,CC,1,13,1762
Plot_1meter,B5,C,C,CC,2,13,1763
Plot_1meter,B5,C,C,CC,3,13,1764
Plot_1meter,B5,C,C,CC,1,14,1765
Plot_1meter,B5,C,C,CC,2,14,1766
Plot_1meter,B5,C,C,CC,3,14,1767
Plot_1meter,B5,C,C,CC,1,15,1768
Plot_1meter,B5,C,C,CC,2,15,1769
Plot_1meter,B5,C,C,CC,3,15,1770